"AuthorTime","CommitterTime","AuthorTimeUnixEpochSecs","CommitterTimeUnixEpochSecs","MinutesSincePreviousCommit","AuthorNominalLabel","CommitterNominalLabel","IsInitialCommit","IsMergeCommit","NumberOfParentCommits","NumberOfFilesAdded","NumberOfFilesAddedNet","NumberOfLinesAddedByAddedFiles","NumberOfLinesAddedByAddedFilesNet","NumberOfFilesDeleted","NumberOfFilesDeletedNet","NumberOfLinesDeletedByDeletedFiles","NumberOfLinesDeletedByDeletedFilesNet","NumberOfFilesModified","NumberOfFilesModifiedNet","NumberOfFilesRenamed","NumberOfFilesRenamedNet","NumberOfLinesAddedByModifiedFiles","NumberOfLinesAddedByModifiedFilesNet","NumberOfLinesDeletedByModifiedFiles","NumberOfLinesDeletedByModifiedFilesNet","NumberOfLinesAddedByRenamedFiles","NumberOfLinesAddedByRenamedFilesNet","NumberOfLinesDeletedByRenamedFiles","NumberOfLinesDeletedByRenamedFilesNet","Density","AffectedFilesRatioNet","KW_add","KW_allow","KW_bug","KW_chang","KW_error","KW_fail","KW_fix","KW_implement","KW_improv","KW_issu","KW_method","KW_new","KW_npe","KW_refactor","KW_remov","KW_report","KW_set","KW_support","KW_test","KW_use","label","prob_a","prob_c","prob_p","CommitterTimeObj","AuthorTimeObj"
"2020-02-28 07:02:47","2020-02-28 07:02:47",1582875647,1582875647,-0.1,"L82a5aeb8e276a23","L82a5aeb8e276a23",1,0,0,1,0,0,0,0,0,0,0,0,0,0,0,0,0,0,0,0,0,0,0,0,0,1,0,0,0,0,0,0,0,0,0,0,0,0,0,0,0,0,0,0,0,"p",0.290418278908585,0.216249042936473,0.493332678154942,2020-02-28 07:02:47,2020-02-28 07:02:47
"2020-03-26 23:03:40","2020-03-26 23:03:40",1585264300,1585264300,39810.8833,"L53e7b8a51e98d17","L53e7b8a51e98d17",0,0,1,26,26,2560,2485,0,0,0,0,1,1,0,0,23,12,0,0,0,0,0,0,0.96671,1,0,0,0,0,0,0,0,0,0,0,0,0,0,0,0,0,1,0,0,0,"a",0.712702398006071,0.250479068030721,0.036818533963208,2020-03-26 23:03:40,2020-03-26 23:03:40
"2020-03-26 23:03:29","2020-03-26 23:03:29",1585264649,1585264649,5.8167,"L45d040605f5febd","L45d040605f5febd",0,0,1,0,0,0,0,0,0,0,0,1,0,0,0,0,0,6,0,0,0,0,0,0,0,0,0,0,0,0,0,0,0,0,0,0,0,0,0,0,0,0,0,0,0,"p",0.000827066047292747,0.000640420025684258,0.998532513927023,2020-03-26 23:03:29,2020-03-26 23:03:29
"2020-03-29 14:03:05","2020-03-29 15:03:30",1585491185,1585495230,3843.0167,"L53e7b8a51e98d17","L53e7b8a51e98d17",0,0,1,0,0,0,0,0,0,0,0,4,4,0,0,22,22,16,16,0,0,0,0,1,1,0,0,0,0,0,0,1,0,0,0,0,0,0,0,0,0,0,0,0,0,"c",0.00399627025066164,0.987451822526914,0.00855190722242428,2020-03-29 15:03:30,2020-03-29 14:03:05
"2020-03-29 15:03:23","2020-03-29 15:03:23",1585495463,1585495463,3.8833,"L53e7b8a51e98d17","L53e7b8a51e98d17",0,0,1,0,0,0,0,0,0,0,0,2,2,0,0,2,2,2,2,0,0,0,0,1,1,0,0,0,0,0,0,0,0,0,0,0,0,0,0,0,0,0,0,0,0,"p",0.000998763865339259,0.000803509887294152,0.998197726247367,2020-03-29 15:03:23,2020-03-29 15:03:23
"2020-03-29 15:03:04","2020-03-29 15:03:04",1585496224,1585496224,12.6833,"L53e7b8a51e98d17","L53e7b8a51e98d17",0,0,1,1,0,0,0,0,0,0,0,1,1,0,0,0,0,1,1,0,0,0,0,1,0.5,0,0,0,0,0,0,1,0,0,0,0,0,0,0,0,0,0,0,0,0,"c",0.0358595860793603,0.711687263750597,0.252453150170043,2020-03-29 15:03:04,2020-03-29 15:03:04
"2020-03-29 21:03:36","2020-03-29 21:03:36",1585517256,1585517256,350.5333,"L53e7b8a51e98d17","L53e7b8a51e98d17",0,0,1,0,0,0,0,0,0,0,0,6,6,0,0,11,11,12,12,0,0,0,0,1,1,0,0,0,0,0,0,0,0,0,0,0,0,0,0,0,0,1,0,0,0,"c",0.000863724571687477,0.997844043445112,0.00129223198320062,2020-03-29 21:03:36,2020-03-29 21:03:36
"2020-03-30 19:03:50","2020-03-30 19:03:50",1585595030,1585595030,1296.2333,"L53e7b8a51e98d17","L53e7b8a51e98d17",0,0,1,2,2,5,5,0,0,0,0,0,0,1,0,0,0,0,0,0,0,0,0,1,0.66667,0,0,0,0,0,0,0,0,0,0,0,0,0,0,0,0,0,0,0,0,"c",0.00808891960641866,0.983002843164859,0.0089082372287225,2020-03-30 19:03:50,2020-03-30 19:03:50
"2020-03-30 19:03:29","2020-03-30 19:03:29",1585597169,1585597169,35.65,"L45d040605f5febd","L45d040605f5febd",0,0,1,0,0,0,0,0,0,0,0,1,1,0,0,6,6,10,8,0,0,0,0,0.875,1,0,0,0,0,0,0,0,0,0,0,0,0,0,0,0,0,0,0,0,0,"p",0.00665730208807342,0.0237081181894572,0.969634579722469,2020-03-30 19:03:29,2020-03-30 19:03:29
"2020-03-30 19:03:02","2020-03-30 19:03:02",1585597202,1585597202,0.55,"L45d040605f5febd","L45d040605f5febd",0,0,1,0,0,0,0,0,0,0,0,1,1,0,0,1,1,1,1,0,0,0,0,1,1,0,0,0,0,0,0,0,0,0,0,0,0,0,0,0,0,0,0,0,0,"p",0.026834390193301,0.273589804429926,0.699575805376773,2020-03-30 19:03:02,2020-03-30 19:03:02
"2020-03-31 17:03:39","2020-03-31 17:03:39",1585676199,1585676199,1316.6167,"L26ccad1ad031ebd","L26ccad1ad031ebd",0,0,1,0,0,0,0,0,0,0,0,1,1,0,0,1,1,0,0,0,0,0,0,1,1,0,0,0,0,0,0,0,0,0,0,0,0,0,0,0,0,0,0,0,2,"c",0.00375209982413602,0.991339269394951,0.00490863078091236,2020-03-31 17:03:39,2020-03-31 17:03:39
"2020-03-31 17:03:57","2020-03-31 17:03:57",1585676277,1585676277,1.3,"L26ccad1ad031ebd","L26ccad1ad031ebd",0,0,1,1,0,0,0,0,0,0,0,0,0,0,0,0,0,0,0,0,0,0,0,0,0,1,0,0,0,0,0,0,0,0,0,0,0,0,0,0,0,1,0,0,0,"c",0.137421137381092,0.665856859599156,0.196722003019752,2020-03-31 17:03:57,2020-03-31 17:03:57
"2020-04-01 21:04:32","2020-04-01 21:04:18",1585775492,1585775538,1654.35,"L53e7b8a51e98d17","L53e7b8a51e98d17",0,0,1,0,0,0,0,0,0,0,0,1,1,1,0,1,1,1,1,0,0,0,0,1,0.5,0,0,0,0,0,0,0,0,0,0,0,0,0,0,0,0,0,0,0,0,"p",0.00130442590863108,0.00119534568988611,0.997500228401483,2020-04-01 21:04:18,2020-04-01 21:04:32
"2020-04-02 13:04:54","2020-04-02 13:04:54",1585833654,1585833654,968.6,"L26ccad1ad031ebd","L26ccad1ad031ebd",0,0,1,0,0,0,0,0,0,0,0,1,1,0,0,2,2,0,0,0,0,0,0,1,1,1,0,0,0,0,0,0,0,0,0,0,0,0,0,0,0,0,0,0,1,"c",0.0159190036753462,0.758275403289945,0.225805593034708,2020-04-02 13:04:54,2020-04-02 13:04:54
"2020-04-02 14:04:20","2020-04-02 14:04:20",1585837880,1585837880,70.4333,"L26ccad1ad031ebd","L26ccad1ad031ebd",0,0,1,0,0,0,0,0,0,0,0,1,1,0,0,18,15,0,0,0,0,0,0,0.83333,1,0,0,0,0,0,0,0,0,0,0,0,0,0,0,0,0,0,0,1,0,"p",0.0290669446693256,0.100929687771696,0.870003367558978,2020-04-02 14:04:20,2020-04-02 14:04:20
"2020-04-02 15:04:23","2020-04-02 15:04:23",1585839623,1585839623,29.05,"L26ccad1ad031ebd","L26ccad1ad031ebd",0,0,1,2,2,28,22,0,0,0,0,0,0,0,0,0,0,0,0,0,0,0,0,0.78571,1,0,0,0,0,0,0,0,0,0,0,0,0,0,0,0,0,1,0,2,0,"p",0.0173516772470658,0.0947583368594881,0.887889985893446,2020-04-02 15:04:23,2020-04-02 15:04:23
"2020-04-02 15:04:14","2020-04-02 15:04:14",1585839914,1585839914,33.9,"L26ccad1ad031ebd","L26ccad1ad031ebd",0,0,1,0,0,0,0,0,0,0,0,1,1,0,0,0,0,2,2,0,0,0,0,1,1,0,0,0,0,0,0,0,0,0,0,0,0,0,0,0,0,0,0,0,0,"c",0.00103577720125405,0.996846353385471,0.00211786941327452,2020-04-02 15:04:14,2020-04-02 15:04:14
"2020-04-02 16:04:49","2020-04-02 16:04:49",1585844749,1585844749,80.5833,"L26ccad1ad031ebd","L26ccad1ad031ebd",0,0,1,0,0,0,0,0,0,0,0,1,1,0,0,4,4,4,4,0,0,0,0,1,1,0,0,0,0,0,0,0,0,0,0,0,0,0,0,0,0,0,0,0,0,"p",0.00110880649752629,0.00123896417710105,0.997652229325373,2020-04-02 16:04:49,2020-04-02 16:04:49
"2020-04-02 16:04:31","2020-04-02 16:04:31",1585844911,1585844911,2.7,"L26ccad1ad031ebd","L26ccad1ad031ebd",0,0,1,0,0,0,0,0,0,0,0,1,1,0,0,1,1,0,0,0,0,0,0,1,1,0,0,0,0,0,0,0,0,0,0,0,0,0,0,0,0,0,0,0,0,"c",0.00463059179549432,0.991851269415815,0.00351813878869061,2020-04-02 16:04:31,2020-04-02 16:04:31
"2020-04-02 16:04:47","2020-04-02 16:04:47",1585844987,1585844987,1.2667,"L26ccad1ad031ebd","L26ccad1ad031ebd",0,0,1,0,0,0,0,0,0,0,0,1,1,0,0,1,1,1,1,0,0,0,0,1,1,0,0,0,0,0,0,0,0,0,0,0,0,0,0,0,0,0,0,0,0,"p",0.026834390193301,0.273589804429926,0.699575805376773,2020-04-02 16:04:47,2020-04-02 16:04:47
"2020-04-02 16:04:11","2020-04-02 16:04:11",1585846211,1585846211,20.4,"L26ccad1ad031ebd","L26ccad1ad031ebd",0,0,1,0,0,0,0,0,0,0,0,1,1,0,0,2,2,2,2,0,0,0,0,1,1,0,0,0,0,0,0,0,0,0,0,0,0,0,0,0,0,0,0,0,0,"c",0.00106836297508912,0.996890471639909,0.00204116538500165,2020-04-02 16:04:11,2020-04-02 16:04:11
"2020-04-02 16:04:10","2020-04-02 16:04:10",1585846390,1585846390,2.9833,"L26ccad1ad031ebd","L26ccad1ad031ebd",0,0,1,0,0,0,0,0,0,0,0,1,1,0,0,0,0,1,1,0,0,0,0,1,1,0,0,0,0,0,0,0,0,0,0,0,0,0,0,0,0,1,0,1,0,"c",0.000894292097676201,0.997832313303511,0.00127339459881235,2020-04-02 16:04:10,2020-04-02 16:04:10
"2020-04-02 18:04:20","2020-04-02 18:04:20",1585852100,1585852100,95.1667,"L26ccad1ad031ebd","L26ccad1ad031ebd",0,0,1,0,0,0,0,0,0,0,0,1,1,0,0,30,27,1,1,0,0,0,0,0.90323,1,1,0,0,0,0,0,0,0,0,0,0,0,0,0,0,0,0,0,0,0,"a",0.915945596364241,0.0803318429564177,0.00372256067934084,2020-04-02 18:04:20,2020-04-02 18:04:20
"2020-04-02 18:04:45","2020-04-02 18:04:45",1585852545,1585852545,7.4167,"L26ccad1ad031ebd","L26ccad1ad031ebd",0,0,1,0,0,0,0,0,0,0,0,1,1,0,0,3,3,3,3,0,0,0,0,1,1,0,0,0,0,0,0,0,0,0,0,0,0,0,0,0,0,0,0,0,0,"p",0.00136230519691682,0.00197337146366503,0.996664323339418,2020-04-02 18:04:45,2020-04-02 18:04:45
"2020-04-02 18:04:46","2020-04-02 18:04:46",1585852786,1585852786,4.0167,"L26ccad1ad031ebd","L26ccad1ad031ebd",0,0,1,0,0,0,0,0,0,0,0,1,1,0,0,1,1,0,0,0,0,0,0,1,1,0,0,0,0,0,0,0,0,0,0,0,0,0,0,0,0,0,0,0,0,"c",0.00463059179549432,0.991851269415815,0.00351813878869061,2020-04-02 18:04:46,2020-04-02 18:04:46
"2020-04-02 18:04:55","2020-04-02 18:04:55",1585853035,1585853035,4.15,"L26ccad1ad031ebd","L26ccad1ad031ebd",0,0,1,0,0,0,0,0,0,0,0,1,1,0,0,1,1,2,2,0,0,0,0,1,1,0,0,0,0,0,0,0,0,0,0,0,0,0,0,0,0,0,0,0,0,"c",0.000861787103815306,0.997716343192969,0.00142186970321562,2020-04-02 18:04:55,2020-04-02 18:04:55
"2020-04-02 18:04:08","2020-04-02 18:04:08",1585853168,1585853168,2.2167,"L26ccad1ad031ebd","L26ccad1ad031ebd",0,0,1,0,0,0,0,0,0,0,0,1,1,0,0,1,1,1,1,0,0,0,0,1,1,0,0,0,0,0,0,0,0,0,0,0,0,0,0,0,0,0,0,0,0,"p",0.026834390193301,0.273589804429926,0.699575805376773,2020-04-02 18:04:08,2020-04-02 18:04:08
"2020-04-02 19:04:13","2020-04-02 19:04:13",1585854133,1585854133,16.0833,"L26ccad1ad031ebd","L26ccad1ad031ebd",0,0,1,0,0,0,0,0,0,0,0,1,1,0,0,1,1,1,1,0,0,0,0,1,1,0,0,0,0,0,0,0,0,0,0,0,0,0,0,0,0,0,0,0,0,"p",0.026834390193301,0.273589804429926,0.699575805376773,2020-04-02 19:04:13,2020-04-02 19:04:13
"2020-04-02 19:04:48","2020-04-02 19:04:48",1585854528,1585854528,6.5833,"L26ccad1ad031ebd","L26ccad1ad031ebd",0,0,1,0,0,0,0,0,0,0,0,1,1,0,0,1,1,1,1,0,0,0,0,1,1,0,0,0,0,0,0,0,0,0,0,0,0,0,0,0,0,0,0,0,0,"p",0.026834390193301,0.273589804429926,0.699575805376773,2020-04-02 19:04:48,2020-04-02 19:04:48
"2020-04-02 19:04:59","2020-04-02 19:04:59",1585854659,1585854659,2.1833,"L26ccad1ad031ebd","L26ccad1ad031ebd",0,0,1,0,0,0,0,0,0,0,0,1,1,0,0,2,2,0,0,0,0,0,0,1,1,0,0,0,0,0,0,0,0,0,0,0,0,0,0,0,0,0,0,0,0,"a",0.98360683152969,0.0131230944288338,0.00327007404147597,2020-04-02 19:04:59,2020-04-02 19:04:59
"2020-04-02 19:04:26","2020-04-02 19:04:26",1585855166,1585855166,8.45,"L26ccad1ad031ebd","L26ccad1ad031ebd",0,0,1,0,0,0,0,0,0,0,0,1,1,0,0,1,1,0,0,0,0,0,0,1,1,0,0,0,0,0,0,0,0,0,0,0,0,0,0,0,0,0,0,0,0,"c",0.00463059179549432,0.991851269415815,0.00351813878869061,2020-04-02 19:04:26,2020-04-02 19:04:26
"2020-04-02 19:04:55","2020-04-02 19:04:55",1585855915,1585855915,12.4833,"L26ccad1ad031ebd","L26ccad1ad031ebd",0,0,1,0,0,0,0,0,0,0,0,1,1,0,0,1,1,3,3,0,0,0,0,1,1,0,0,0,0,0,0,0,0,0,0,0,0,0,0,0,0,0,0,0,0,"c",0.00257083704533408,0.987129246291447,0.0102999166632185,2020-04-02 19:04:55,2020-04-02 19:04:55
"2020-04-02 20:04:17","2020-04-02 20:04:17",1585859537,1585859537,60.3667,"L26ccad1ad031ebd","L26ccad1ad031ebd",0,0,1,0,0,0,0,0,0,0,0,1,1,0,0,1,1,0,0,0,0,0,0,1,1,0,0,0,0,0,0,0,0,0,0,0,0,0,0,0,0,0,0,0,0,"c",0.00463059179549432,0.991851269415815,0.00351813878869061,2020-04-02 20:04:17,2020-04-02 20:04:17
"2020-04-02 21:04:29","2020-04-02 21:04:29",1585862129,1585862129,43.2,"L26ccad1ad031ebd","L26ccad1ad031ebd",0,0,1,0,0,0,0,0,0,0,0,1,1,0,0,3,3,1,1,0,0,0,0,1,1,0,0,0,0,0,0,0,0,0,0,0,0,0,0,0,0,0,0,0,0,"p",0.00171328000868142,0.00239838906612699,0.995888330925192,2020-04-02 21:04:29,2020-04-02 21:04:29
"2020-04-03 10:04:16","2020-04-03 10:04:16",1585909096,1585909096,1157.8833,"L26ccad1ad031ebd","L26ccad1ad031ebd",0,0,1,0,0,0,0,0,0,0,0,1,1,0,0,5,5,10,9,0,0,0,0,0.93333,1,0,0,0,0,0,0,0,0,0,0,0,0,0,0,0,0,0,0,0,0,"p",0.00808070573061265,0.0269888525463981,0.964930441722989,2020-04-03 10:04:16,2020-04-03 10:04:16
"2020-04-03 10:04:19","2020-04-03 10:04:19",1585911079,1585911079,33.05,"L26ccad1ad031ebd","L26ccad1ad031ebd",0,0,1,0,0,0,0,0,0,0,0,1,1,0,0,2,2,0,0,0,0,0,0,1,1,0,0,0,0,0,0,0,0,0,0,0,0,0,0,0,0,0,0,0,0,"a",0.98360683152969,0.0131230944288338,0.00327007404147597,2020-04-03 10:04:19,2020-04-03 10:04:19
"2020-04-03 10:04:02","2020-04-03 10:04:02",1585911182,1585911182,1.7167,"L26ccad1ad031ebd","L26ccad1ad031ebd",0,0,1,0,0,0,0,0,0,0,0,1,1,0,0,1,1,1,1,0,0,0,0,1,1,0,0,0,0,0,0,0,0,0,0,0,0,0,0,0,0,0,0,0,0,"p",0.026834390193301,0.273589804429926,0.699575805376773,2020-04-03 10:04:02,2020-04-03 10:04:02
"2020-04-03 12:04:37","2020-04-03 12:04:37",1585915837,1585915837,77.5833,"L26ccad1ad031ebd","L26ccad1ad031ebd",0,0,1,0,0,0,0,0,0,0,0,1,1,0,0,0,0,2,2,0,0,0,0,1,1,0,0,0,0,0,0,0,0,0,0,0,0,0,0,0,0,0,0,0,0,"c",0.00103577720125405,0.996846353385471,0.00211786941327452,2020-04-03 12:04:37,2020-04-03 12:04:37
"2020-04-03 12:04:10","2020-04-03 12:04:10",1585915990,1585915990,2.55,"L26ccad1ad031ebd","L26ccad1ad031ebd",0,0,1,0,0,0,0,0,0,0,0,1,1,0,0,2,2,2,2,0,0,0,0,1,1,0,0,0,0,0,0,0,0,0,0,0,0,0,0,0,0,0,0,0,0,"c",0.00106836297508912,0.996890471639909,0.00204116538500165,2020-04-03 12:04:10,2020-04-03 12:04:10
"2020-04-03 12:04:36","2020-04-03 12:04:36",1585916136,1585916136,2.4333,"L26ccad1ad031ebd","L26ccad1ad031ebd",0,0,1,0,0,0,0,0,0,0,0,1,1,0,0,0,0,4,3,0,0,0,0,0.75,1,0,0,0,0,0,0,0,0,0,0,0,0,0,0,0,0,0,0,0,0,"c",0.0134658798872226,0.933975826511521,0.052558293601257,2020-04-03 12:04:36,2020-04-03 12:04:36
"2020-04-03 12:04:57","2020-04-03 12:04:57",1585917237,1585917237,18.35,"L26ccad1ad031ebd","L26ccad1ad031ebd",0,0,1,0,0,0,0,0,0,0,0,1,1,0,0,41,37,3,3,0,0,0,0,0.90909,1,0,0,0,0,0,0,0,0,0,0,0,0,0,0,0,0,0,0,0,0,"c",0.00137720021669851,0.997035619491472,0.00158718029182963,2020-04-03 12:04:57,2020-04-03 12:04:57
"2020-04-03 12:04:35","2020-04-03 12:04:35",1585917395,1585917395,2.6333,"L26ccad1ad031ebd","L26ccad1ad031ebd",0,0,1,0,0,0,0,0,0,0,0,1,1,0,0,2,2,1,1,0,0,0,0,1,1,0,0,0,0,0,0,0,0,0,0,0,0,0,0,0,0,0,0,0,0,"c",0.00372829111198449,0.984101431451671,0.0121702774363447,2020-04-03 12:04:35,2020-04-03 12:04:35
"2020-04-03 12:04:25","2020-04-03 12:04:25",1585917445,1585917445,0.8333,"L26ccad1ad031ebd","L26ccad1ad031ebd",0,0,1,0,0,0,0,0,0,0,0,1,1,0,0,1,1,1,1,0,0,0,0,1,1,0,0,0,0,0,0,0,0,0,0,0,0,0,0,0,0,0,0,0,0,"p",0.026834390193301,0.273589804429926,0.699575805376773,2020-04-03 12:04:25,2020-04-03 12:04:25
"2020-04-03 12:04:10","2020-04-03 12:04:10",1585917670,1585917670,3.75,"L26ccad1ad031ebd","L26ccad1ad031ebd",0,0,1,0,0,0,0,0,0,0,0,1,1,0,0,1,1,1,1,0,0,0,0,1,1,0,0,0,0,0,0,0,0,0,0,0,0,0,0,0,0,0,0,0,0,"p",0.026834390193301,0.273589804429926,0.699575805376773,2020-04-03 12:04:10,2020-04-03 12:04:10
"2020-04-03 12:04:32","2020-04-03 12:04:32",1585917812,1585917812,2.3667,"L26ccad1ad031ebd","L26ccad1ad031ebd",0,0,1,0,0,0,0,0,0,0,0,1,1,0,0,1,1,1,1,0,0,0,0,1,1,0,0,0,0,0,0,0,0,0,0,0,0,0,0,0,0,0,0,0,0,"p",0.026834390193301,0.273589804429926,0.699575805376773,2020-04-03 12:04:32,2020-04-03 12:04:32
"2020-04-03 12:04:46","2020-04-03 12:04:46",1585917946,1585917946,2.2333,"L26ccad1ad031ebd","L26ccad1ad031ebd",0,0,1,0,0,0,0,0,0,0,0,1,1,0,0,1,1,1,1,0,0,0,0,1,1,0,0,0,0,0,0,0,0,0,0,0,0,0,0,0,0,0,0,0,0,"p",0.026834390193301,0.273589804429926,0.699575805376773,2020-04-03 12:04:46,2020-04-03 12:04:46
"2020-04-03 12:04:12","2020-04-03 12:04:12",1585918752,1585918752,13.4333,"L26ccad1ad031ebd","L26ccad1ad031ebd",0,0,1,0,0,0,0,0,0,0,0,1,1,0,0,1,1,1,1,0,0,0,0,1,1,0,0,0,0,0,0,0,0,0,0,0,0,0,0,0,0,0,0,0,0,"p",0.026834390193301,0.273589804429926,0.699575805376773,2020-04-03 12:04:12,2020-04-03 12:04:12
"2020-04-03 13:04:28","2020-04-03 13:04:28",1585918948,1585918948,3.2667,"L26ccad1ad031ebd","L26ccad1ad031ebd",0,0,1,0,0,0,0,0,0,0,0,1,1,0,0,1,1,1,1,0,0,0,0,1,1,0,0,0,0,0,0,0,0,0,0,0,0,0,0,0,0,0,0,0,0,"p",0.026834390193301,0.273589804429926,0.699575805376773,2020-04-03 13:04:28,2020-04-03 13:04:28
"2020-04-03 13:04:15","2020-04-03 13:04:15",1585919295,1585919295,5.7833,"L26ccad1ad031ebd","L26ccad1ad031ebd",0,0,1,0,0,0,0,0,0,0,0,1,1,0,0,17,17,13,13,0,0,0,0,1,1,0,0,0,0,0,0,0,0,0,0,0,0,0,0,0,0,0,0,0,0,"p",0.000861674457132619,0.000610122291059519,0.998528203251808,2020-04-03 13:04:15,2020-04-03 13:04:15
"2020-04-03 13:04:02","2020-04-03 13:04:02",1585919342,1585919342,0.7833,"L26ccad1ad031ebd","L26ccad1ad031ebd",0,0,1,0,0,0,0,0,0,0,0,1,1,0,0,1,1,1,1,0,0,0,0,1,1,0,0,0,0,0,0,0,0,0,0,0,0,0,0,0,0,0,0,0,0,"p",0.026834390193301,0.273589804429926,0.699575805376773,2020-04-03 13:04:02,2020-04-03 13:04:02
"2020-04-03 13:04:06","2020-04-03 13:04:06",1585919526,1585919526,3.0667,"L26ccad1ad031ebd","L26ccad1ad031ebd",0,0,1,0,0,0,0,0,0,0,0,1,1,0,0,3,3,3,3,0,0,0,0,1,1,0,0,0,0,0,0,0,0,0,0,0,0,0,0,0,0,0,0,0,0,"p",0.00136230519691682,0.00197337146366503,0.996664323339418,2020-04-03 13:04:06,2020-04-03 13:04:06
"2020-04-03 13:04:15","2020-04-03 13:04:15",1585919655,1585919655,2.15,"L26ccad1ad031ebd","L26ccad1ad031ebd",0,0,1,0,0,0,0,0,0,0,0,1,1,0,0,1,1,1,1,0,0,0,0,1,1,0,0,0,0,0,0,0,0,0,0,0,0,0,0,0,0,0,0,0,0,"p",0.026834390193301,0.273589804429926,0.699575805376773,2020-04-03 13:04:15,2020-04-03 13:04:15
"2020-04-03 13:04:53","2020-04-03 13:04:53",1585919873,1585919873,3.6333,"L26ccad1ad031ebd","L26ccad1ad031ebd",0,0,1,0,0,0,0,0,0,0,0,1,1,0,0,3,3,1,1,0,0,0,0,1,1,0,0,0,0,0,0,0,0,0,0,0,0,0,0,0,0,0,0,0,0,"p",0.00171328000868142,0.00239838906612699,0.995888330925192,2020-04-03 13:04:53,2020-04-03 13:04:53
"2020-04-03 13:04:57","2020-04-03 13:04:57",1585920237,1585920237,6.0667,"L26ccad1ad031ebd","L26ccad1ad031ebd",0,0,1,0,0,0,0,0,0,0,0,1,1,0,0,7,6,7,6,0,0,0,0,0.85714,1,0,0,0,1,0,0,0,0,0,0,0,0,0,0,0,0,0,0,0,0,"c",0.0179593926373175,0.682666301997941,0.299374305364741,2020-04-03 13:04:57,2020-04-03 13:04:57
"2020-04-03 13:04:13","2020-04-03 13:04:13",1585920433,1585920433,3.2667,"L26ccad1ad031ebd","L26ccad1ad031ebd",0,0,1,0,0,0,0,0,0,0,0,1,1,0,0,1,1,0,0,0,0,0,0,1,1,0,0,0,0,0,0,0,0,0,0,0,0,0,0,0,0,0,0,0,0,"c",0.00463059179549432,0.991851269415815,0.00351813878869061,2020-04-03 13:04:13,2020-04-03 13:04:13
"2020-04-03 13:04:09","2020-04-03 13:04:09",1585920729,1585920729,4.9333,"L26ccad1ad031ebd","L26ccad1ad031ebd",0,0,1,0,0,0,0,0,0,0,0,1,1,0,0,3,3,2,2,0,0,0,0,1,1,0,0,0,0,0,0,0,0,0,0,0,0,0,0,0,0,0,0,0,0,"p",0.00552304463043476,0.0410948828408707,0.953382072528694,2020-04-03 13:04:09,2020-04-03 13:04:09
"2020-04-03 13:04:12","2020-04-03 13:04:12",1585922232,1585922232,25.05,"L26ccad1ad031ebd","L26ccad1ad031ebd",0,1,2,0,0,0,0,0,0,0,0,0,0,0,0,0,0,0,0,0,0,0,0,0,0,0,0,0,0,0,0,0,0,0,0,0,0,0,0,0,0,0,0,0,0,"p",0.000823569923681932,0.000637855812727123,0.998538574263591,2020-04-03 13:04:12,2020-04-03 13:04:12
"2020-04-03 13:04:55","2020-04-03 13:04:55",1585922275,1585922275,0.7167,"L26ccad1ad031ebd","L26ccad1ad031ebd",0,1,2,2,2,28,22,0,0,0,0,2,2,0,0,39,38,32,30,0,0,0,0,0.90909,1,0,0,0,0,0,0,0,0,0,0,0,0,0,0,0,0,0,0,0,0,"c",0.0729091985348512,0.903041674683746,0.0240491267814022,2020-04-03 13:04:55,2020-04-03 13:04:55
"2020-04-04 20:04:18","2020-04-04 20:04:18",1586033538,1586033538,0,"L45d040605f5febd","L45d040605f5febd",0,1,2,0,0,0,0,0,0,0,0,1,1,0,0,3,3,19,18,0,0,0,0,0.95455,1,0,0,0,0,0,0,0,0,0,0,0,0,0,0,0,0,0,0,0,0,"p",0.00377945994737024,0.0110409759557687,0.985179564096861,2020-04-04 20:04:18,2020-04-04 20:04:18
"2020-04-04 20:04:18","2020-04-04 20:04:18",1586033538,1586033538,1854.3833,"L26ccad1ad031ebd","L45d040605f5febd",0,0,1,0,0,0,0,0,0,0,0,1,1,0,0,3,3,19,18,0,0,0,0,0.95455,1,0,0,0,0,0,0,0,0,0,0,0,0,0,0,0,0,0,0,0,1,"p",0.00517577918236738,0.0141164903595049,0.980707730458128,2020-04-04 20:04:18,2020-04-04 20:04:18
"2020-04-06 13:04:23","2020-04-06 13:04:23",1586179643,1586179643,0,"L26ccad1ad031ebd","L26ccad1ad031ebd",0,1,2,10,10,264,249,2,2,11,11,9,9,2,2,936,935,121,120,2,2,4,4,0.98729,1,0,0,0,0,0,0,0,0,0,0,0,0,0,0,0,0,2,0,0,0,"c",0.375377888669078,0.522293893811138,0.102328217519784,2020-04-06 13:04:23,2020-04-06 13:04:23
"2020-04-06 13:04:23","2020-04-06 13:04:23",1586179643,1586179643,2435.0833,"L45d040605f5febd","L26ccad1ad031ebd",0,0,1,10,10,264,249,2,2,11,11,9,9,2,2,936,935,121,120,2,2,4,4,0.98729,1,0,0,0,0,0,0,0,0,0,0,0,0,0,0,0,0,1,0,0,0,"c",0.335123461847998,0.566284635490313,0.0985919026616894,2020-04-06 13:04:23,2020-04-06 13:04:23
"2020-04-06 15:04:47","2020-04-06 15:04:47",1586186207,1586186207,109.4,"L45d040605f5febd","L45d040605f5febd",0,0,1,0,0,0,0,0,0,0,0,1,1,0,0,1,1,1,1,0,0,0,0,1,1,0,0,0,0,0,0,0,0,0,0,0,0,0,0,0,0,0,0,0,0,"p",0.026834390193301,0.273589804429926,0.699575805376773,2020-04-06 15:04:47,2020-04-06 15:04:47
"2020-04-06 17:04:43","2020-04-06 17:04:43",1586194423,1586194423,136.9333,"L45d040605f5febd","L45d040605f5febd",0,0,1,0,0,0,0,0,0,0,0,1,1,0,0,1,1,1,1,0,0,0,0,1,1,0,0,0,0,0,0,0,0,0,0,0,0,0,0,0,0,0,0,0,0,"p",0.026834390193301,0.273589804429926,0.699575805376773,2020-04-06 17:04:43,2020-04-06 17:04:43
"2020-04-06 18:04:38","2020-04-06 18:04:38",1586198798,1586198798,72.9167,"L53e7b8a51e98d17","L53e7b8a51e98d17",0,0,1,0,0,0,0,0,0,0,0,1,1,0,0,1,1,1,1,0,0,0,0,1,1,0,0,0,0,0,0,1,0,0,0,0,0,0,0,0,0,0,0,0,0,"c",0.00101989110032996,0.997540658392967,0.00143945050670295,2020-04-06 18:04:38,2020-04-06 18:04:38
"2020-04-08 10:04:46","2020-04-08 10:04:46",1586343526,1586343526,2412.1333,"L53e7b8a51e98d17","L53e7b8a51e98d17",0,0,1,5,4,82,64,0,0,0,0,11,11,0,0,1469,1467,225,224,0,0,0,0,0.98818,0.9375,0,0,0,0,0,0,0,0,0,0,0,0,0,0,0,0,0,0,0,0,"a",0.965780585892186,0.0207875755283144,0.0134318385795002,2020-04-08 10:04:46,2020-04-08 10:04:46
"2020-04-08 12:04:04","2020-04-08 12:04:04",1586349004,1586349004,91.3,"L53e7b8a51e98d17","L53e7b8a51e98d17",0,0,1,0,0,0,0,0,0,0,0,7,7,0,0,101,98,8,6,0,0,0,0,0.95413,1,0,0,0,1,0,0,0,0,0,0,0,1,0,0,0,0,0,0,0,0,"c",0.00133780898168918,0.997188922290416,0.0014732687278947,2020-04-08 12:04:04,2020-04-08 12:04:04
"2020-04-08 12:04:34","2020-04-08 12:04:34",1586349574,1586349574,9.5,"L53e7b8a51e98d17","L53e7b8a51e98d17",0,0,1,0,0,0,0,0,0,0,0,1,1,0,0,1,1,1,1,0,0,0,0,1,1,0,0,0,0,0,0,1,0,0,0,0,0,0,0,0,0,0,0,0,0,"c",0.00101989110032996,0.997540658392967,0.00143945050670295,2020-04-08 12:04:34,2020-04-08 12:04:34
"2020-04-08 12:04:44","2020-04-08 12:04:44",1586350064,1586350064,8.1667,"L53e7b8a51e98d17","L53e7b8a51e98d17",0,0,1,0,0,0,0,0,0,0,0,1,1,0,0,1,1,1,1,0,0,0,0,1,1,0,0,0,0,0,0,1,0,0,0,0,0,0,0,0,0,0,0,0,0,"c",0.00101989110032996,0.997540658392967,0.00143945050670295,2020-04-08 12:04:44,2020-04-08 12:04:44
"2020-04-11 19:04:37","2020-04-11 19:04:37",1586632657,1586632657,7230.9833,"L45d040605f5febd","L26ccad1ad031ebd",0,0,1,2,2,18,14,1,0,0,0,14,14,0,0,255,255,177,177,0,0,0,0,0.99111,0.94118,0,0,1,0,0,0,0,0,0,1,0,0,0,0,0,0,0,0,0,0,"a",0.641070694009691,0.332421102205637,0.0265082037846713,2020-04-11 19:04:37,2020-04-11 19:04:37
"2020-04-11 19:04:38","2020-04-11 19:04:38",1586632658,1586632658,0.0167,"L26ccad1ad031ebd","L26ccad1ad031ebd",0,1,2,2,2,18,14,1,0,0,0,14,14,0,0,255,255,177,177,0,0,0,0,0.99111,0.94118,0,0,2,0,0,0,0,0,0,2,0,0,0,0,0,0,0,0,0,0,"a",0.654890547029566,0.319859998703603,0.0252494542668308,2020-04-11 19:04:38,2020-04-11 19:04:38
"2020-04-13 16:04:17","2020-04-13 16:04:17",1586795837,1586795837,2719.65,"L53e7b8a51e98d17","L53e7b8a51e98d17",0,0,1,0,0,0,0,0,0,0,0,1,1,0,0,1,1,1,1,0,0,0,0,1,1,0,0,0,0,0,0,1,0,0,0,0,0,0,0,0,0,0,1,0,1,"c",0.145605084614609,0.779077373778626,0.0753175416067658,2020-04-13 16:04:17,2020-04-13 16:04:17
"2020-04-16 14:04:12","2020-04-16 14:04:12",1587048432,1587048432,4209.9167,"L26ccad1ad031ebd","L26ccad1ad031ebd",0,0,1,5,5,42,32,0,0,0,0,7,7,0,0,2686,2686,1052,1052,0,0,0,0,0.99735,1,0,0,0,0,0,0,0,0,0,0,0,0,0,0,0,0,0,0,1,0,"p",0.194167007974302,0.184576983544342,0.621256008481356,2020-04-16 14:04:12,2020-04-16 14:04:12
"2020-04-16 19:04:47","2020-04-16 19:04:47",1587064607,1587064607,269.5833,"L26ccad1ad031ebd","L26ccad1ad031ebd",0,0,1,0,0,0,0,0,0,0,0,7,6,0,0,33,28,11,11,0,0,0,0,0.88636,0.85714,0,0,0,0,0,0,0,0,0,0,0,0,0,0,0,0,0,0,0,0,"p",0.00188967514118623,0.0019223331878944,0.996187991670919,2020-04-16 19:04:47,2020-04-16 19:04:47
"2020-04-16 19:04:05","2020-04-16 19:04:05",1587065585,1587065585,16.3,"L26ccad1ad031ebd","L26ccad1ad031ebd",0,0,1,0,0,0,0,2,2,4594,4594,0,0,0,0,0,0,0,0,0,0,0,0,1,1,0,0,0,0,0,0,0,0,0,0,0,0,0,0,0,0,0,0,0,0,"c",0.020052251286941,0.928537136141419,0.0514106125716401,2020-04-16 19:04:05,2020-04-16 19:04:05
"2020-04-18 10:04:48","2020-04-18 10:04:48",1587205908,1587205908,2338.7167,"L26ccad1ad031ebd","L26ccad1ad031ebd",0,0,1,7,2,645,4,0,0,0,0,4,4,0,0,27,19,16,15,0,0,0,0,0.05523,0.54545,0,0,0,0,0,0,0,0,0,0,0,0,0,0,0,0,2,0,0,0,"c",0.136938422403833,0.84592054757996,0.0171410300162067,2020-04-18 10:04:48,2020-04-18 10:04:48
"2020-04-18 13:04:56","2020-04-18 13:04:56",1587217016,1587217016,185.1333,"L26ccad1ad031ebd","L26ccad1ad031ebd",0,0,1,2,2,15,6,0,0,0,0,2,2,0,0,63,41,3,3,0,0,0,0,0.61728,1,0,0,0,0,0,0,0,0,0,0,0,0,0,0,0,0,0,0,0,0,"c",0.008608174427611,0.988573420567409,0.00281840500498009,2020-04-18 13:04:56,2020-04-18 13:04:56
"2020-04-18 13:04:00","2020-04-18 13:04:00",1587217980,1587217980,16.0667,"L26ccad1ad031ebd","L26ccad1ad031ebd",0,0,1,0,0,0,0,0,0,0,0,1,1,0,0,12,10,18,11,0,0,0,0,0.7,1,0,0,0,0,0,0,1,0,0,0,0,0,0,0,0,0,0,0,0,0,"c",0.00093146287433112,0.997726082783255,0.00134245434241401,2020-04-18 13:04:00,2020-04-18 13:04:00
"2020-04-20 15:04:35","2020-04-20 15:04:35",1587397055,1587397055,10020.3,"L45d040605f5febd","L26ccad1ad031ebd",0,0,1,8,4,6,6,0,0,0,0,9,9,0,0,54,49,19,17,0,0,0,0,0.91139,0.76471,0,0,0,0,0,0,0,0,0,0,0,0,0,0,0,0,1,0,0,0,"c",0.00216263524493115,0.996201019835104,0.00163634491996457,2020-04-20 15:04:35,2020-04-20 15:04:35
"2020-04-20 19:04:48","2020-04-20 19:04:48",1587412008,1587412008,3233.8,"L53e7b8a51e98d17","L53e7b8a51e98d17",0,0,1,3,3,75,47,1,1,21,20,4,4,0,0,15,13,60,45,0,0,0,0,0.73099,1,0,0,0,0,0,0,0,0,0,0,0,0,0,0,0,0,0,0,0,0,"a",0.97022813288355,0.00813594131269876,0.0216359258037517,2020-04-20 19:04:48,2020-04-20 19:04:48
"2020-04-20 20:04:21","2020-04-20 20:04:21",1587413961,1587413961,281.7667,"L26ccad1ad031ebd","L45d040605f5febd",0,0,1,17,12,809,109,2,2,2972,2972,7,7,0,0,27,23,5,5,0,0,0,0,0.81537,0.80769,0,0,0,0,0,0,0,0,0,0,0,0,0,0,0,0,0,0,1,0,"a",0.904306708215918,0.0160630338405184,0.0796302579435636,2020-04-20 20:04:21,2020-04-20 20:04:21
"2020-04-21 19:04:08","2020-04-21 19:04:08",1587498068,1587498068,1401.7833,"L26ccad1ad031ebd","La63d51546e886b3",0,0,1,19,15,220,157,2,2,19,15,3,2,0,0,83,76,14,10,0,0,0,0,0.76786,0.79167,0,0,0,0,0,0,0,0,0,0,0,0,0,0,0,0,0,0,0,0,"a",0.972424479225141,0.0224129808495963,0.00516253992526308,2020-04-21 19:04:08,2020-04-21 19:04:08
"2020-04-23 13:04:29","2020-04-23 13:04:29",1587648329,1587648329,2504.35,"L2b1203beb6172d0","L2b1203beb6172d0",0,0,1,15,15,467,321,1,1,2,2,2,2,0,0,15,15,1,1,0,0,0,0,0.69897,1,0,0,0,0,0,0,0,0,0,0,0,0,0,0,0,0,0,0,0,0,"a",0.996274831745472,0.00130474993222402,0.00242041832230399,2020-04-23 13:04:29,2020-04-23 13:04:29
"2020-04-23 15:04:33","2020-04-23 15:04:33",1587655833,1587655833,125.0667,"L53e7b8a51e98d17","L53e7b8a51e98d17",0,0,1,0,0,0,0,0,0,0,0,1,1,0,0,0,0,11,10,0,0,0,0,0.90909,1,0,0,0,0,0,0,1,0,0,0,0,0,0,0,1,0,0,0,0,0,"c",0.00110961843976915,0.997231836575713,0.00165854498451757,2020-04-23 15:04:33,2020-04-23 15:04:33
"2020-04-23 16:04:04","2020-04-23 16:04:04",1587660424,1587660424,2705.9333,"L53e7b8a51e98d17","L53e7b8a51e98d17",0,0,1,2,1,10,10,0,0,0,0,5,5,0,0,7,7,11,10,0,0,0,0,0.96429,0.85714,0,0,0,0,0,0,1,0,0,0,0,0,0,0,1,0,0,0,0,0,"c",0.00211167703719782,0.994649306013114,0.00323901694968822,2020-04-23 16:04:04,2020-04-23 16:04:04
"2020-04-26 07:04:11","2020-04-26 07:04:11",1587885011,1587885011,3944.7,"L2b1203beb6172d0","L2b1203beb6172d0",0,0,1,6,5,51,40,0,0,0,0,0,0,0,0,0,0,0,0,0,0,0,0,0.78431,0.83333,0,0,0,0,0,0,0,1,0,0,0,0,0,0,0,0,0,0,0,0,"a",0.996416478557189,0.000867088458817376,0.00271643298399324,2020-04-26 07:04:11,2020-04-26 07:04:11
"2020-04-26 07:04:15","2020-04-26 07:04:15",1587885255,1587885255,4.0667,"L2b1203beb6172d0","L2b1203beb6172d0",0,1,2,0,0,0,0,0,0,0,0,1,1,0,0,0,0,11,10,0,0,0,0,0.90909,1,0,0,0,0,0,0,0,0,0,0,0,0,0,0,0,0,0,0,0,0,"p",0.01734477472639,0.311040491860266,0.671614733413344,2020-04-26 07:04:15,2020-04-26 07:04:15
"2020-04-26 11:04:18","2020-04-26 11:04:18",1587898818,1587898818,226.05,"L2b1203beb6172d0","L2b1203beb6172d0",0,0,1,0,0,0,0,0,0,0,0,1,1,0,0,26,16,1,1,0,0,0,0,0.62963,1,0,0,0,0,0,0,0,1,0,0,0,0,0,0,0,0,0,0,0,0,"a",0.997168264837543,0.0016925509455876,0.00113918421686977,2020-04-26 11:04:18,2020-04-26 11:04:18
"2020-04-26 17:04:43","2020-04-26 17:04:43",1587923923,1587923923,418.4167,"L2b1203beb6172d0","L2b1203beb6172d0",0,0,1,0,0,0,0,0,0,0,0,1,1,0,0,1,1,1,1,0,0,0,0,1,1,0,0,0,0,0,0,0,1,0,0,0,0,0,0,0,0,1,0,0,0,"a",0.70271849336393,0.292629514783156,0.00465199185291439,2020-04-26 17:04:43,2020-04-26 17:04:43
"2020-04-26 18:04:49","2020-04-26 18:04:49",1587924049,1587924049,2.1,"L2b1203beb6172d0","L2b1203beb6172d0",0,0,1,6,5,51,40,0,0,0,0,0,0,0,0,0,0,0,0,0,0,0,0,0.78431,0.83333,0,0,0,0,0,0,0,0,0,0,0,0,0,0,0,0,0,0,0,0,"a",0.983491036745542,0.007793420827442,0.00871554242701552,2020-04-26 18:04:49,2020-04-26 18:04:49
"2020-04-27 05:04:28","2020-04-27 05:04:28",1587965608,1587965608,692.65,"L2b1203beb6172d0","L2b1203beb6172d0",0,0,1,0,0,0,0,0,0,0,0,8,8,0,0,65,55,10,10,0,0,0,0,0.86667,1,0,0,0,0,0,0,0,1,0,0,0,0,0,0,0,0,0,0,0,0,"a",0.998292236921838,0.000855818046463799,0.000851945031697646,2020-04-27 05:04:28,2020-04-27 05:04:28
"2020-04-27 07:04:31","2020-04-27 07:04:31",1587971911,1587971911,105.05,"L2b1203beb6172d0","L2b1203beb6172d0",0,0,1,0,0,0,0,0,0,0,0,6,6,1,1,1080,810,47,42,13,10,2,2,0.75657,1,0,0,0,0,0,0,0,1,0,0,0,0,0,0,0,0,1,0,0,0,"a",0.978379066044204,0.0029299865040585,0.018690947451737,2020-04-27 07:04:31,2020-04-27 07:04:31
"2020-04-28 09:04:32","2020-04-28 09:04:32",1588065452,1588065452,1559.0167,"L2b1203beb6172d0","L2b1203beb6172d0",0,0,1,2,2,66,45,0,0,0,0,1,1,0,0,1,1,1,1,0,0,0,0,0.69118,1,0,0,0,0,0,0,1,0,0,0,0,0,0,0,0,0,0,0,0,0,"c",0.00194305253562972,0.996231419178103,0.00182552828626726,2020-04-28 09:04:32,2020-04-28 09:04:32
"2020-04-28 13:04:47","2020-04-28 13:04:47",1588082207,1588082207,7029.7167,"La63d51546e886b3","La63d51546e886b3",0,0,1,4,3,669,548,0,0,0,0,5,5,0,0,34,28,2,2,0,0,0,0,0.81986,0.88889,1,0,0,0,0,0,0,0,0,0,0,0,0,0,0,0,0,0,0,0,"a",0.997469434767956,0.00137347157221488,0.00115709365982882,2020-04-28 13:04:47,2020-04-28 13:04:47
"2020-04-28 23:04:59","2020-04-28 23:04:59",1588115999,1588115999,563.2,"La63d51546e886b3","La63d51546e886b3",0,0,1,1,1,1,1,0,0,0,0,5,5,0,0,215,187,52,36,0,0,0,0,0.83582,1,0,0,0,0,0,0,0,0,0,0,0,0,0,0,0,0,0,0,0,0,"c",0.44929417328355,0.449496187725825,0.101209638990625,2020-04-28 23:04:59,2020-04-28 23:04:59
"2020-04-28 23:04:02","2020-04-28 23:04:02",1588118342,1588118342,881.5,"L2b1203beb6172d0","L2b1203beb6172d0",0,0,1,1,1,112,82,1,1,61,38,17,17,0,0,443,396,87,75,0,0,0,0,0.84068,1,0,0,0,0,0,0,0,0,0,0,0,0,0,0,0,0,0,0,0,0,"a",0.55590744203579,0.0116205993136894,0.43247195865052,2020-04-28 23:04:02,2020-04-28 23:04:02
"2020-04-29 14:04:20","2020-04-29 14:04:20",1588169660,1588169660,894.35,"La63d51546e886b3","La63d51546e886b3",0,0,1,0,0,0,0,0,0,0,0,4,4,0,0,226,195,46,40,0,0,0,0,0.86397,1,0,0,0,0,0,0,0,0,0,0,0,0,0,0,0,0,0,0,0,0,"p",0.00761298996565462,0.00593607406876815,0.986450935965577,2020-04-29 14:04:20,2020-04-29 14:04:20
"2020-04-30 16:04:12","2020-04-30 16:04:12",1588263432,1588263432,1562.8667,"L26ccad1ad031ebd","L45d040605f5febd",0,0,1,3,3,120,97,0,0,0,0,7,7,0,0,165,130,59,59,0,0,0,0,0.8314,1,0,0,0,0,0,0,0,0,0,0,0,0,0,0,0,0,0,0,0,0,"a",0.993603705701584,0.00199758842308192,0.00439870587533419,2020-04-30 16:04:12,2020-04-30 16:04:12
"2020-04-30 19:04:38","2020-04-30 19:04:38",1588274558,1588274558,2603.6,"L2b1203beb6172d0","L2b1203beb6172d0",0,0,1,0,0,0,0,0,0,0,0,8,8,0,0,302,301,306,300,0,0,0,0,0.98849,1,0,0,0,0,0,0,1,0,0,1,0,0,0,0,0,0,0,0,0,0,"c",0.00112477293672164,0.99737372831189,0.00150149875138857,2020-04-30 19:04:38,2020-04-30 19:04:38
"2020-04-30 19:04:51","2020-04-30 19:04:51",1588275111,1588275111,194.65,"L26ccad1ad031ebd","L26ccad1ad031ebd",0,0,1,0,0,0,0,0,0,0,0,3,3,0,0,3,3,2,2,0,0,0,0,1,1,0,0,0,0,0,0,1,0,0,0,0,0,0,0,0,0,0,0,0,0,"c",0.00333374869169461,0.990109276744798,0.00655697456350677,2020-04-30 19:04:51,2020-04-30 19:04:51
"2020-04-30 19:04:30","2020-04-30 19:04:30",1588276650,1588276650,25.65,"L26ccad1ad031ebd","L26ccad1ad031ebd",0,0,1,0,0,0,0,0,0,0,0,1,1,0,0,7,6,6,6,0,0,0,0,0.92308,1,0,0,1,0,0,0,2,0,0,0,0,0,0,0,0,0,0,0,0,0,"c",0.00190260039199415,0.994984884184371,0.00311251542363514,2020-04-30 19:04:30,2020-04-30 19:04:30
"2020-04-30 20:04:59","2020-04-30 20:04:59",1588280039,1588280039,56.4833,"L26ccad1ad031ebd","L26ccad1ad031ebd",0,0,1,0,0,0,0,0,0,0,0,5,5,0,0,27,24,17,15,0,0,0,0,0.88636,1,0,0,0,0,0,0,0,0,0,0,0,0,0,0,0,0,1,0,0,0,"c",0.000927567408958535,0.997825398847343,0.00124703374369883,2020-04-30 20:04:59,2020-04-30 20:04:59
"2020-04-26 19:04:40","2020-04-30 20:04:26",1587927760,1588280366,5.45,"L53e7b8a51e98d17","L53e7b8a51e98d17",0,0,1,2,2,31,31,0,0,0,0,4,4,0,0,2,2,13,12,0,0,0,0,0.97826,1,0,0,0,0,0,0,0,0,0,0,0,0,0,0,0,0,0,0,0,0,"c",0.0127057948889247,0.977261962155185,0.0100322429558909,2020-04-30 20:04:26,2020-04-26 19:04:40
"2020-04-28 20:04:20","2020-04-30 20:04:26",1588104020,1588280366,0,"L53e7b8a51e98d17","L53e7b8a51e98d17",0,0,1,1,1,12,12,0,0,0,0,2,2,0,0,5,5,4,4,0,0,0,0,1,1,0,0,0,0,0,0,0,0,0,0,0,0,0,0,0,0,0,0,0,0,"c",0.00233247918914783,0.994896239534303,0.00277128127654897,2020-04-30 20:04:26,2020-04-28 20:04:20
"2020-04-29 18:04:56","2020-04-30 20:04:26",1588186436,1588280366,0,"L53e7b8a51e98d17","L53e7b8a51e98d17",0,0,1,5,5,43,40,2,2,55,52,8,8,14,3,26,25,27,26,13,13,7,7,0.95322,0.62069,0,0,0,0,0,0,0,0,0,0,0,0,0,0,0,0,0,0,0,0,"a",0.588246990318141,0.0974662035185472,0.314286806163312,2020-04-30 20:04:26,2020-04-29 18:04:56
"2020-04-30 09:04:45","2020-04-30 20:04:26",1588238325,1588280366,0,"L53e7b8a51e98d17","L53e7b8a51e98d17",0,0,1,0,0,0,0,0,0,0,0,9,9,0,0,78,77,48,47,0,0,0,0,0.98413,1,0,0,1,0,0,0,0,0,0,0,0,0,0,0,0,0,0,0,0,0,"p",0.0039426585390358,0.00822661624945615,0.987830725211508,2020-04-30 20:04:26,2020-04-30 09:04:45
"2020-04-30 09:04:21","2020-04-30 20:04:26",1588238601,1588280366,0,"L53e7b8a51e98d17","L53e7b8a51e98d17",0,0,1,1,1,6,5,0,0,0,0,0,0,0,0,0,0,0,0,0,0,0,0,0.83333,1,0,0,0,0,0,0,0,0,0,0,0,0,0,0,0,0,0,0,0,0,"c",0.0637887082622746,0.931251604171112,0.00495968756661348,2020-04-30 20:04:26,2020-04-30 09:04:21
"2020-04-30 09:04:03","2020-04-30 20:04:26",1588239123,1588280366,0,"L53e7b8a51e98d17","L53e7b8a51e98d17",0,0,1,0,0,0,0,0,0,0,0,2,2,0,0,2,2,0,0,0,0,0,0,1,1,0,0,0,1,0,0,0,0,0,0,0,0,0,0,0,0,0,0,0,0,"c",0.0350991648541839,0.904858549329528,0.0600422858162884,2020-04-30 20:04:26,2020-04-30 09:04:03
"2020-04-30 10:04:57","2020-04-30 20:04:26",1588241937,1588280366,0,"L53e7b8a51e98d17","L53e7b8a51e98d17",0,0,1,0,0,0,0,0,0,0,0,2,1,0,0,3,3,3,2,0,0,0,0,0.83333,0.5,0,0,0,0,0,0,0,0,0,0,0,0,0,0,0,0,0,0,0,0,"p",0.00223996237122044,0.00443692868914508,0.993323108939634,2020-04-30 20:04:26,2020-04-30 10:04:57
"2020-04-30 19:04:25","2020-04-30 20:04:26",1588276645,1588280366,0,"L53e7b8a51e98d17","L53e7b8a51e98d17",0,0,1,1,1,2,2,0,0,0,0,1,1,0,0,1,1,0,0,0,0,0,0,1,1,0,0,0,0,0,0,0,0,0,0,0,0,0,0,0,0,0,0,0,0,"c",0.00330224190376565,0.994815576770072,0.00188218132616229,2020-04-30 20:04:26,2020-04-30 19:04:25
"2020-04-30 20:04:57","2020-04-30 20:04:26",1588276977,1588280366,0,"L53e7b8a51e98d17","L53e7b8a51e98d17",0,0,1,0,0,0,0,0,0,0,0,1,1,0,0,5,5,2,2,0,0,0,0,1,1,0,0,0,0,0,0,0,0,0,0,0,0,0,0,0,0,0,0,0,0,"p",0.00254829867253174,0.00561661898120098,0.991835082346267,2020-04-30 20:04:26,2020-04-30 20:04:57
"2020-04-30 20:04:21","2020-04-30 20:04:26",1588278621,1588280366,0,"L53e7b8a51e98d17","L53e7b8a51e98d17",0,0,1,0,0,0,0,0,0,0,0,1,1,0,0,1,1,1,1,0,0,0,0,1,1,0,0,0,0,0,0,0,0,0,0,0,0,0,0,0,0,0,0,0,0,"p",0.026834390193301,0.273589804429926,0.699575805376773,2020-04-30 20:04:26,2020-04-30 20:04:21
"2020-04-30 20:04:10","2020-04-30 20:04:26",1588279390,1588280366,0,"L53e7b8a51e98d17","L53e7b8a51e98d17",0,0,1,0,0,0,0,1,0,0,0,4,4,0,0,18,17,9,9,0,0,0,0,0.96296,0.8,0,0,0,0,0,0,1,0,0,0,0,0,0,0,0,0,0,0,0,0,"c",0.0119397929301739,0.944355153504039,0.0437050535657875,2020-04-30 20:04:26,2020-04-30 20:04:10
"2020-04-30 21:04:58","2020-04-30 21:04:58",1588280998,1588280998,15.9833,"L45d040605f5febd","L26ccad1ad031ebd",0,0,1,11,11,137,133,4,3,87,82,11,11,10,2,83,81,55,54,5,5,4,4,0.96765,0.75,0,0,0,0,0,0,0,0,0,0,0,0,0,1,0,0,0,0,0,0,"p",0.0669603375337105,0.0334840625277138,0.899555599938576,2020-04-30 21:04:58,2020-04-30 21:04:58
"2020-05-01 16:05:42","2020-05-01 16:05:42",1588350462,1588350462,1157.7333,"L53e7b8a51e98d17","L53e7b8a51e98d17",0,0,1,3,0,0,0,0,0,0,0,2,2,0,0,49,49,37,35,0,0,0,0,0.97674,0.4,0,0,0,0,0,0,1,0,0,0,0,0,0,0,0,0,0,0,0,0,"c",0.0109677011715359,0.961135031133445,0.027897267695019,2020-05-01 16:05:42,2020-05-01 16:05:42
"2020-05-01 16:05:20","2020-05-01 16:05:20",1588350740,1588350740,4.6333,"L45d040605f5febd","L45d040605f5febd",0,0,1,0,0,0,0,0,0,0,0,1,0,0,0,4,0,0,0,0,0,0,0,0,0,0,0,0,0,0,0,0,0,0,0,0,0,0,0,0,0,0,0,0,0,"p",0.000883640641458875,0.00075382383885326,0.998362535519688,2020-05-01 16:05:20,2020-05-01 16:05:20
"2020-05-02 17:05:47","2020-05-02 17:05:47",1588441907,1588441907,2789.15,"L2b1203beb6172d0","L2b1203beb6172d0",0,0,1,4,4,142,107,0,0,0,0,21,21,0,0,306,302,325,324,0,0,0,0,0.94825,1,0,0,0,0,0,0,0,0,0,0,0,0,0,0,0,0,1,0,0,0,"a",0.732241393472829,0.231146652730278,0.036611953796893,2020-05-02 17:05:47,2020-05-02 17:05:47
"2020-05-04 12:05:02","2020-05-04 12:05:02",1588595582,1588595582,4080.7,"L53e7b8a51e98d17","L53e7b8a51e98d17",0,0,1,0,0,0,0,0,0,0,0,1,1,0,0,3,3,3,3,0,0,0,0,1,1,0,0,1,0,0,0,1,0,0,1,0,0,0,0,0,0,0,0,0,0,"c",0.00109331032476793,0.997323901872287,0.00158278780294549,2020-05-04 12:05:02,2020-05-04 12:05:02
"2020-05-04 16:05:25","2020-05-04 16:05:25",1588611565,1588611565,266.3833,"L26ccad1ad031ebd","L45d040605f5febd",0,0,1,1,0,0,0,0,0,0,0,5,5,0,0,99,86,51,47,0,0,0,0,0.88667,0.83333,0,0,0,0,0,0,0,0,0,0,0,0,0,0,0,0,0,0,0,1,"p",0.163338404526749,0.0777756210219267,0.758885974451324,2020-05-04 16:05:25,2020-05-04 16:05:25
"2020-05-05 20:05:55","2020-05-05 20:05:55",1588709455,1588709455,1631.5,"La63d51546e886b3","La63d51546e886b3",0,0,1,0,0,0,0,0,0,0,0,3,3,0,0,49,41,24,23,0,0,0,0,0.87671,1,0,0,0,1,0,0,0,0,0,0,0,0,0,0,0,0,0,0,0,0,"p",0.0455785367898806,0.189323379378679,0.765098083831441,2020-05-05 20:05:55,2020-05-05 20:05:55
"2020-04-23 13:04:29","2020-05-07 11:05:14",1587648329,1588849934,2341.3167,"L2b1203beb6172d0","L2b1203beb6172d0",0,0,1,16,16,479,333,0,0,0,0,1,1,0,0,6,6,0,0,0,0,0,0,0.69897,1,0,0,0,0,0,0,0,0,0,0,0,0,0,0,0,0,0,0,0,0,"a",0.996962780776403,0.00156500708042487,0.00147221214317164,2020-05-07 11:05:14,2020-04-23 13:04:29
"2020-04-26 07:04:11","2020-05-07 11:05:14",1587885011,1588849934,0,"L2b1203beb6172d0","L2b1203beb6172d0",0,0,1,6,5,51,40,0,0,0,0,0,0,0,0,0,0,0,0,0,0,0,0,0.78431,0.83333,0,0,0,0,0,0,0,1,0,0,0,0,0,0,0,0,0,0,0,0,"a",0.996416478557189,0.000867088458817376,0.00271643298399324,2020-05-07 11:05:14,2020-04-26 07:04:11
"2020-04-23 15:04:33","2020-05-07 11:05:15",1587655833,1588849935,0.0167,"L53e7b8a51e98d17","L2b1203beb6172d0",0,0,1,0,0,0,0,0,0,0,0,1,1,0,0,7,5,4,4,0,0,0,0,0.81818,1,0,0,0,0,0,0,1,0,0,0,0,0,0,0,1,0,0,0,0,0,"c",0.00180188798036566,0.99520713894462,0.00299097307501467,2020-05-07 11:05:15,2020-04-23 15:04:33
"2020-04-26 11:04:18","2020-05-07 11:05:15",1587898818,1588849935,0,"L2b1203beb6172d0","L2b1203beb6172d0",0,0,1,0,0,0,0,0,0,0,0,1,1,0,0,26,16,1,1,0,0,0,0,0.62963,1,0,0,0,0,0,0,0,1,0,0,0,0,0,0,0,0,0,0,0,0,"a",0.997168264837543,0.0016925509455876,0.00113918421686977,2020-05-07 11:05:15,2020-04-26 11:04:18
"2020-04-26 17:04:43","2020-05-07 11:05:15",1587923923,1588849935,0,"L2b1203beb6172d0","L2b1203beb6172d0",0,0,1,0,0,0,0,0,0,0,0,1,1,0,0,1,1,1,1,0,0,0,0,1,1,0,0,0,0,0,0,0,1,0,0,0,0,0,0,0,0,1,0,0,0,"a",0.70271849336393,0.292629514783156,0.00465199185291439,2020-05-07 11:05:15,2020-04-26 17:04:43
"2020-04-26 18:04:49","2020-05-07 11:05:16",1587924049,1588849936,0.0167,"L2b1203beb6172d0","L2b1203beb6172d0",0,0,1,6,5,51,40,0,0,0,0,0,0,0,0,0,0,0,0,0,0,0,0,0.78431,0.83333,0,0,0,0,0,0,0,0,0,0,0,0,0,0,0,0,0,0,0,0,"a",0.983491036745542,0.007793420827442,0.00871554242701552,2020-05-07 11:05:16,2020-04-26 18:04:49
"2020-04-27 05:04:28","2020-05-07 11:05:16",1587965608,1588849936,0,"L2b1203beb6172d0","L2b1203beb6172d0",0,0,1,0,0,0,0,0,0,0,0,8,8,0,0,65,55,10,10,0,0,0,0,0.86667,1,0,0,0,0,0,0,0,1,0,0,0,0,0,0,0,0,0,0,0,0,"a",0.998292236921838,0.000855818046463799,0.000851945031697646,2020-05-07 11:05:16,2020-04-27 05:04:28
"2020-04-27 07:04:31","2020-05-07 11:05:17",1587971911,1588849937,0.0167,"L2b1203beb6172d0","L2b1203beb6172d0",0,0,1,0,0,0,0,0,0,0,0,6,6,1,1,1080,810,47,42,13,10,2,2,0.75657,1,0,0,0,0,0,0,0,1,0,0,0,0,0,0,0,0,1,0,0,0,"a",0.978379066044204,0.0029299865040585,0.018690947451737,2020-05-07 11:05:17,2020-04-27 07:04:31
"2020-04-28 09:04:32","2020-05-07 11:05:17",1588065452,1588849937,0,"L2b1203beb6172d0","L2b1203beb6172d0",0,0,1,2,2,66,45,0,0,0,0,1,1,0,0,6,6,3,3,0,0,0,0,0.72,1,0,0,0,0,0,0,1,0,0,0,0,0,0,0,0,0,0,0,0,0,"c",0.00157747000604148,0.996648945648962,0.00177358434499628,2020-05-07 11:05:17,2020-04-28 09:04:32
"2020-04-28 23:04:02","2020-05-07 11:05:18",1588118342,1588849938,0.0167,"L2b1203beb6172d0","L2b1203beb6172d0",0,0,1,1,1,112,82,1,1,61,38,17,17,0,0,443,396,87,75,0,0,0,0,0.84068,1,0,0,0,0,0,0,0,0,0,0,0,0,0,0,0,0,0,0,0,0,"a",0.55590744203579,0.0116205993136894,0.43247195865052,2020-05-07 11:05:18,2020-04-28 23:04:02
"2020-04-30 19:04:38","2020-05-07 11:05:18",1588274558,1588849938,0,"L2b1203beb6172d0","L2b1203beb6172d0",0,0,1,0,0,0,0,0,0,0,0,8,8,0,0,302,301,306,300,0,0,0,0,0.98849,1,0,0,0,0,0,0,1,0,0,1,0,0,0,0,0,0,0,0,0,0,"c",0.00112477293672164,0.99737372831189,0.00150149875138857,2020-05-07 11:05:18,2020-04-30 19:04:38
"2020-05-02 17:05:47","2020-05-07 11:05:19",1588441907,1588849939,0.0167,"L2b1203beb6172d0","L2b1203beb6172d0",0,0,1,4,4,142,107,0,0,0,0,21,21,0,0,306,302,325,324,0,0,0,0,0.94825,1,0,0,0,0,0,0,0,0,0,0,0,0,0,0,0,0,1,0,0,0,"a",0.732241393472829,0.231146652730278,0.036611953796893,2020-05-07 11:05:19,2020-05-02 17:05:47
"2020-05-03 12:05:38","2020-05-07 11:05:21",1588507838,1588849941,0.0333,"L53e7b8a51e98d17","L2b1203beb6172d0",0,0,1,1,1,3,3,2,2,15,15,2,2,33,0,14,14,6,6,0,0,0,0,1,0.13158,0,0,0,0,0,0,0,0,0,0,0,0,0,0,0,0,0,0,0,0,"c",0.0440372953641131,0.860614038542468,0.0953486660934194,2020-05-07 11:05:21,2020-05-03 12:05:38
"2020-05-03 12:05:01","2020-05-07 11:05:22",1588508701,1588849942,0.0167,"L53e7b8a51e98d17","L2b1203beb6172d0",0,0,1,0,0,0,0,0,0,0,0,1,1,0,0,1,1,0,0,0,0,0,0,1,1,0,0,0,0,0,0,0,0,0,0,0,0,0,0,0,0,0,0,1,0,"c",0.00323977331392722,0.991079646487478,0.00568058019859442,2020-05-07 11:05:22,2020-05-03 12:05:01
"2020-05-03 13:05:41","2020-05-07 11:05:22",1588513961,1588849942,0,"L53e7b8a51e98d17","L2b1203beb6172d0",0,0,1,0,0,0,0,0,0,0,0,1,1,0,0,2,2,0,0,0,0,0,0,1,1,0,0,0,0,0,0,1,0,0,0,0,0,0,0,0,0,0,0,0,0,"p",0.00872688398592029,0.0163955057323751,0.974877610281705,2020-05-07 11:05:22,2020-05-03 13:05:41
"2020-05-03 14:05:41","2020-05-07 11:05:23",1588515521,1588849943,0.0167,"L2b1203beb6172d0","L2b1203beb6172d0",0,0,1,0,0,0,0,0,0,0,0,9,9,5,3,227,181,185,139,10,10,10,10,0.78704,0.85714,0,0,0,0,0,0,1,0,0,0,0,0,0,0,0,0,0,0,0,0,"c",0.00109177937770187,0.997264463374133,0.00164375724816555,2020-05-07 11:05:23,2020-05-03 14:05:41
"2020-05-04 10:05:42","2020-05-07 11:05:24",1588589142,1588849944,0.0167,"L2b1203beb6172d0","L2b1203beb6172d0",0,0,1,7,5,27,20,0,0,0,0,12,12,1,1,93,77,53,53,0,0,10,7,0.85792,0.9,0,0,0,0,0,0,0,1,0,0,0,0,0,0,0,0,1,0,0,0,"a",0.994327495415211,0.00196303943716075,0.0037094651476282,2020-05-07 11:05:24,2020-05-04 10:05:42
"2020-05-05 10:05:38","2020-05-07 11:05:25",1588674038,1588849945,0.0167,"L2b1203beb6172d0","L2b1203beb6172d0",0,0,1,1,1,66,52,0,0,0,0,4,4,0,0,16,16,24,18,0,0,0,0,0.81132,1,0,0,0,0,0,0,0,0,0,0,0,0,0,0,0,0,0,0,0,0,"c",0.180879485566629,0.804438157510495,0.0146823569228752,2020-05-07 11:05:25,2020-05-05 10:05:38
"2020-05-05 13:05:33","2020-05-07 11:05:25",1588684833,1588849945,0,"L2b1203beb6172d0","L2b1203beb6172d0",0,0,1,0,0,0,0,2,0,0,0,1,1,0,0,29,20,9,9,0,0,0,0,0.76316,0.33333,0,0,0,0,0,0,0,0,0,0,0,0,0,0,0,0,0,0,0,0,"p",0.0015333296496385,0.0017402711672383,0.996726399183123,2020-05-07 11:05:25,2020-05-05 13:05:33
"2020-05-05 15:05:15","2020-05-07 11:05:25",1588692015,1588849945,0,"L2b1203beb6172d0","L2b1203beb6172d0",0,0,1,0,0,0,0,0,0,0,0,3,3,0,0,770,767,772,767,0,0,0,0,0.99481,1,1,0,1,0,0,0,1,0,0,0,0,0,0,0,0,0,0,0,0,0,"c",0.00133925836308907,0.996887857613477,0.00177288402343393,2020-05-07 11:05:25,2020-05-05 15:05:15
"2020-05-06 10:05:28","2020-05-07 11:05:26",1588759648,1588849946,0.0167,"L2b1203beb6172d0","L2b1203beb6172d0",0,0,1,0,0,0,0,0,0,0,0,9,8,0,0,43,35,23,22,0,0,0,0,0.86364,0.88889,0,0,0,0,0,0,0,0,0,0,0,0,0,0,0,0,0,0,0,0,"p",0.00119912156945837,0.00107796540296849,0.997722913027573,2020-05-07 11:05:26,2020-05-06 10:05:28
"2020-05-06 10:05:40","2020-05-07 11:05:26",1588760200,1588849946,0,"L2b1203beb6172d0","L2b1203beb6172d0",0,0,1,0,0,0,0,0,0,0,0,4,4,0,0,17,16,20,19,0,0,0,0,0.94595,1,0,0,0,0,0,0,0,0,0,0,0,0,0,0,0,0,0,0,0,0,"p",0.00270312853673992,0.00461556879953447,0.992681302663726,2020-05-07 11:05:26,2020-05-06 10:05:40
"2020-05-07 11:05:08","2020-05-07 12:05:37",1588851488,1588854817,81.1833,"L53e7b8a51e98d17","L53e7b8a51e98d17",0,0,1,1,1,2,2,0,0,0,0,3,3,0,0,6,6,4,4,0,0,0,0,1,1,0,0,0,0,0,0,0,0,0,0,0,0,0,0,0,0,0,0,0,0,"c",0.0021559285474811,0.994651616537906,0.0031924549146132,2020-05-07 12:05:37,2020-05-07 11:05:08
"2020-05-07 13:05:09","2020-05-07 13:05:09",1588857369,1588857369,42.5333,"L53e7b8a51e98d17","L53e7b8a51e98d17",0,0,1,1,0,0,0,9,9,9,9,5,5,3,0,22,20,14,14,0,0,0,0,0.95556,0.77778,0,0,0,0,0,0,0,0,0,0,0,1,0,0,0,0,0,0,0,0,"c",0.0662226433901878,0.904541144587383,0.0292362120224293,2020-05-07 13:05:09,2020-05-07 13:05:09
"2020-05-07 13:05:06","2020-05-07 13:05:06",1588857606,1588857606,3.95,"L53e7b8a51e98d17","L53e7b8a51e98d17",0,0,1,0,0,0,0,0,0,0,0,1,1,0,0,1,1,1,1,0,0,0,0,1,1,0,0,0,0,0,0,0,0,0,0,0,0,0,0,0,0,0,0,0,0,"p",0.026834390193301,0.273589804429926,0.699575805376773,2020-05-07 13:05:06,2020-05-07 13:05:06
"2020-05-07 13:05:05","2020-05-07 13:05:05",1588858565,1588858565,15.9833,"L53e7b8a51e98d17","L53e7b8a51e98d17",0,0,1,0,0,0,0,1,1,2,2,3,3,0,0,5,5,4,4,0,0,0,0,1,1,0,0,0,0,0,0,1,0,0,0,0,0,0,0,0,0,0,0,0,0,"c",0.00230711025375546,0.993626043493607,0.00406684625263808,2020-05-07 13:05:05,2020-05-07 13:05:05
"2020-05-07 19:05:31","2020-05-07 19:05:42",1588879471,1588879482,492.2667,"L53e7b8a51e98d17","L53e7b8a51e98d17",0,0,1,0,0,0,0,0,0,0,0,1,1,0,0,2,2,0,0,0,0,0,0,1,1,0,0,0,0,0,0,1,0,0,0,0,0,0,0,0,0,0,0,0,0,"p",0.00872688398592029,0.0163955057323751,0.974877610281705,2020-05-07 19:05:42,2020-05-07 19:05:31
"2020-05-08 19:05:05","2020-05-08 19:05:05",1588967825,1588967825,1472.3833,"L2b1203beb6172d0","L2b1203beb6172d0",0,0,1,1,1,4,4,0,0,0,0,1,1,0,0,1,1,2,2,0,0,0,0,1,1,1,0,0,0,0,0,0,0,0,0,0,0,0,0,0,0,0,0,0,0,"c",0.058115170239058,0.905610533834091,0.0362742959268505,2020-05-08 19:05:05,2020-05-08 19:05:05
"2020-05-08 20:05:41","2020-05-08 20:05:41",1588971281,1588971281,57.6,"L2b1203beb6172d0","L2b1203beb6172d0",0,0,1,0,0,0,0,0,0,0,0,1,1,0,0,6,6,8,5,0,0,0,0,0.78571,1,0,0,0,1,0,0,0,0,0,0,0,0,0,0,0,0,0,0,0,0,"c",0.0316069278127099,0.497912040575522,0.470481031611768,2020-05-08 20:05:41,2020-05-08 20:05:41
"2020-05-09 21:05:52","2020-05-09 21:05:52",1589061232,1589061232,3029.1667,"L26ccad1ad031ebd","L26ccad1ad031ebd",0,0,1,0,0,0,0,0,0,0,0,5,5,0,0,91,72,7,7,0,0,0,0,0.80612,1,0,0,0,0,0,0,0,0,0,0,0,0,0,0,0,0,0,0,0,0,"c",0.078616875684353,0.893936264516089,0.0274468597995576,2020-05-09 21:05:52,2020-05-09 21:05:52
"2020-05-09 21:05:05","2020-05-09 21:05:05",1589061305,1589061305,1.2167,"L26ccad1ad031ebd","L26ccad1ad031ebd",0,1,2,1,1,4,4,0,0,0,0,2,2,0,0,7,7,10,7,0,0,0,0,0.85714,1,0,0,0,0,0,0,0,0,0,0,0,0,0,0,0,0,0,0,0,0,"c",0.0013990540326101,0.997201052809575,0.00139989315781465,2020-05-09 21:05:05,2020-05-09 21:05:05
"2020-05-10 15:05:54","2020-05-10 15:05:54",1589123694,1589123694,1039.8167,"L26ccad1ad031ebd","L26ccad1ad031ebd",0,0,1,0,0,0,0,0,0,0,0,4,4,0,0,14,13,14,13,0,0,0,0,0.92857,1,0,0,0,0,0,0,1,0,0,0,0,0,0,0,0,0,1,0,0,0,"c",0.00174609468411177,0.995500763128826,0.00275314218706269,2020-05-10 15:05:54,2020-05-10 15:05:54
"2020-05-10 18:05:36","2020-05-10 18:05:36",1589134056,1589134056,172.7,"La63d51546e886b3","La63d51546e886b3",0,0,1,0,0,0,0,0,0,0,0,4,4,0,0,7,6,19,17,0,0,0,0,0.88462,1,0,0,0,1,0,0,0,0,0,0,0,0,0,0,0,0,0,0,0,0,"p",0.124477341528558,0.403407184545699,0.472115473925743,2020-05-10 18:05:36,2020-05-10 18:05:36
"2020-05-10 19:05:34","2020-05-10 19:05:29",1589140174,1589140469,106.8833,"L53e7b8a51e98d17","L53e7b8a51e98d17",0,0,1,2,2,2,2,0,0,0,0,5,5,0,0,38,16,8,8,0,0,0,0,0.54167,1,0,0,0,1,0,0,0,0,0,0,0,0,0,0,0,0,0,0,0,0,"c",0.00403927273734689,0.992157969973132,0.00380275728952121,2020-05-10 19:05:29,2020-05-10 19:05:34
"2020-05-10 20:05:06","2020-05-10 20:05:06",1589144166,1589144166,61.6167,"La63d51546e886b3","La63d51546e886b3",0,0,1,0,0,0,0,0,0,0,0,4,4,0,0,11,11,11,11,0,0,0,0,1,1,0,0,0,1,0,0,0,0,0,0,0,0,0,0,0,0,0,0,0,0,"p",0.0050382067123109,0.00548144677112793,0.989480346516561,2020-05-10 20:05:06,2020-05-10 20:05:06
"2020-05-10 23:05:57","2020-05-10 23:05:57",1589153457,1589153457,154.85,"La63d51546e886b3","La63d51546e886b3",0,0,1,0,0,0,0,0,0,0,0,2,2,0,0,4,4,3,3,0,0,0,0,1,1,0,0,0,0,0,0,0,0,0,0,0,0,0,0,0,0,1,0,0,0,"c",0.000741412633609394,0.998164561321255,0.00109402604513552,2020-05-10 23:05:57,2020-05-10 23:05:57
"2020-05-11 08:05:41","2020-05-11 08:05:41",1589187461,1589187461,566.7333,"L26ccad1ad031ebd","L26ccad1ad031ebd",0,0,1,0,0,0,0,0,0,0,0,6,6,0,0,49,39,9,6,0,0,0,0,0.77586,1,0,0,0,0,0,0,0,0,0,0,0,0,0,0,0,0,0,0,0,0,"c",0.0459292504817591,0.92739066011974,0.0266800893985012,2020-05-11 08:05:41,2020-05-11 08:05:41
"2020-05-11 09:05:36","2020-05-11 09:05:36",1589188356,1589188356,14.9167,"L26ccad1ad031ebd","L26ccad1ad031ebd",0,0,1,0,0,0,0,0,0,0,0,2,1,0,0,4,3,6,4,0,0,0,0,0.7,0.5,0,0,0,0,0,0,1,0,0,0,0,0,0,0,0,0,0,0,0,0,"p",0.00313002566147782,0.00589887824895923,0.990971096089563,2020-05-11 09:05:36,2020-05-11 09:05:36
"2020-05-11 12:05:19","2020-05-11 12:05:19",1589199859,1589199859,191.7167,"La63d51546e886b3","La63d51546e886b3",0,0,1,0,0,0,0,0,0,0,0,3,3,0,0,19,18,10,10,0,0,0,0,0.96552,1,0,0,0,1,0,0,0,0,0,0,0,1,0,0,0,0,0,0,0,0,"c",0.107436644954541,0.867824811600249,0.0247385434452099,2020-05-11 12:05:19,2020-05-11 12:05:19
"2020-05-11 16:05:48","2020-05-11 16:05:48",1589215068,1589215068,253.4833,"L2b1203beb6172d0","L2b1203beb6172d0",0,0,1,0,0,0,0,0,0,0,0,5,5,0,0,11,11,12,12,0,0,0,0,1,1,0,0,0,0,0,0,0,0,0,0,0,1,0,0,0,0,0,0,0,0,"c",0.181711424344391,0.742708991151008,0.0755795845046016,2020-05-11 16:05:48,2020-05-11 16:05:48
"2020-05-11 19:05:05","2020-05-11 19:05:05",1589226185,1589226185,185.2833,"L26ccad1ad031ebd","L26ccad1ad031ebd",0,0,1,0,0,0,0,0,0,0,0,8,8,0,0,22,20,39,34,0,0,0,0,0.88525,1,0,0,1,0,0,0,0,0,0,0,0,0,0,0,0,0,0,0,0,0,"p",0.00692120330564774,0.0300062426496125,0.96307255404474,2020-05-11 19:05:05,2020-05-11 19:05:05
"2020-05-11 19:05:49","2020-05-11 19:05:49",1589226349,1589226349,2.7333,"L26ccad1ad031ebd","L26ccad1ad031ebd",0,0,1,0,0,0,0,0,0,0,0,1,1,0,0,2,1,3,1,0,0,0,0,0.4,1,0,0,0,0,0,0,1,0,0,0,0,0,0,0,0,0,0,0,0,0,"c",0.0018293724604277,0.995233954791973,0.00293667274759941,2020-05-11 19:05:49,2020-05-11 19:05:49
"2020-05-12 18:05:07","2020-05-12 18:05:07",1589308447,1589308447,1368.3,"L26ccad1ad031ebd","L26ccad1ad031ebd",0,0,1,0,0,0,0,0,0,0,0,3,3,0,0,23,16,0,0,0,0,0,0,0.69565,1,0,0,0,0,0,0,0,0,0,0,1,0,0,0,0,0,1,0,0,0,"c",0.00107352335974751,0.997644093088457,0.00128238355179533,2020-05-12 18:05:07,2020-05-12 18:05:07
"2020-05-14 12:05:23","2020-05-14 12:05:23",1589460383,1589460383,2532.2667,"L26ccad1ad031ebd","L26ccad1ad031ebd",0,0,1,0,0,0,0,0,0,0,0,3,3,0,0,16,16,17,14,0,0,0,0,0.90909,1,0,0,0,1,0,0,0,0,0,0,0,0,0,0,1,0,1,0,0,0,"p",0.00422508587286471,0.0107531512561963,0.985021762870939,2020-05-14 12:05:23,2020-05-14 12:05:23
"2020-05-14 13:05:16","2020-05-14 13:05:16",1589462296,1589462296,31.8833,"L26ccad1ad031ebd","L26ccad1ad031ebd",0,0,1,0,0,0,0,0,0,0,0,1,1,0,0,10,9,1,1,0,0,0,0,0.90909,1,0,0,0,1,0,0,0,0,0,0,0,0,0,0,0,0,1,0,0,0,"c",0.00108806410058773,0.997361734148088,0.00155020175132389,2020-05-14 13:05:16,2020-05-14 13:05:16
"2020-05-14 13:05:44","2020-05-14 13:05:44",1589463644,1589463644,54.35,"L26ccad1ad031ebd","L26ccad1ad031ebd",0,0,1,0,0,0,0,0,0,0,0,1,1,0,0,9,8,5,5,0,0,0,0,0.92857,1,0,0,0,0,0,0,1,0,0,0,0,0,0,0,0,0,1,0,0,0,"c",0.00144668619158828,0.996372300460663,0.0021810133477484,2020-05-14 13:05:44,2020-05-14 13:05:44
"2020-05-14 13:05:44","2020-05-14 13:05:44",1589463704,1589463704,1,"L26ccad1ad031ebd","L26ccad1ad031ebd",0,1,2,0,0,0,0,0,0,0,0,1,1,0,0,10,9,1,1,0,0,0,0,0.90909,1,0,0,0,0,0,0,0,0,0,0,0,0,0,0,0,0,0,0,0,0,"c",0.0101570044325001,0.986900170954315,0.00294282461318519,2020-05-14 13:05:44,2020-05-14 13:05:44
"2020-05-15 22:05:55","2020-05-15 22:05:55",1589581555,1589581555,1964.1833,"La63d51546e886b3","La63d51546e886b3",0,0,1,3,3,697,685,0,0,0,0,1,1,0,0,41,35,7,6,0,0,0,0,0.9745,1,0,0,0,0,0,0,0,1,0,0,0,1,0,0,0,0,0,0,0,0,"a",0.997909127231806,0.000751183320530682,0.00133968944766342,2020-05-15 22:05:55,2020-05-15 22:05:55
"2020-05-16 09:05:33","2020-05-16 09:05:33",1589622213,1589622213,677.6333,"L26ccad1ad031ebd","L2b1203beb6172d0",0,0,1,0,0,0,0,0,0,0,0,7,7,0,0,141,107,16,15,0,0,0,0,0.77707,1,0,0,0,0,0,0,0,0,0,0,0,0,0,0,0,0,1,0,0,0,"c",0.00341967472491319,0.992930987447772,0.00364933782731528,2020-05-16 09:05:33,2020-05-16 09:05:33
"2020-05-16 12:05:47","2020-05-16 12:05:47",1589631707,1589631707,158.2333,"L26ccad1ad031ebd","L26ccad1ad031ebd",0,0,1,0,0,0,0,0,0,0,0,6,6,0,0,60,47,14,14,0,0,0,0,0.82432,1,0,0,0,0,0,0,0,0,0,0,0,0,0,0,0,0,0,0,0,0,"p",0.0580623388087905,0.399543012801446,0.542394648389764,2020-05-16 12:05:47,2020-05-16 12:05:47
"2020-05-16 12:05:00","2020-05-16 12:05:00",1589633760,1589633760,34.2167,"L26ccad1ad031ebd","L26ccad1ad031ebd",0,0,1,0,0,0,0,0,0,0,0,1,1,0,0,3,3,2,2,0,0,0,0,1,1,0,0,0,0,0,0,1,0,0,0,0,0,0,0,0,0,0,0,0,0,"p",0.0238105460789199,0.113911396235304,0.862278057685776,2020-05-16 12:05:00,2020-05-16 12:05:00
"2020-05-16 15:05:23","2020-05-16 15:05:23",1589643023,1589643023,154.3833,"La63d51546e886b3","La63d51546e886b3",0,0,1,0,0,0,0,0,0,0,0,3,3,0,0,46,38,38,32,0,0,0,0,0.83333,1,0,0,0,0,0,0,0,0,0,0,0,1,0,0,0,0,0,0,0,0,"c",0.00219049784414973,0.994641392138809,0.00316811001704094,2020-05-16 15:05:23,2020-05-16 15:05:23
"2020-05-16 19:05:13","2020-05-16 19:05:13",1589656153,1589656153,218.8333,"L2b1203beb6172d0","L2b1203beb6172d0",0,0,1,0,0,0,0,0,0,0,0,3,2,0,0,75,72,72,72,0,0,0,0,0.97959,0.66667,0,0,0,0,0,0,0,0,0,0,0,0,0,0,0,0,0,0,0,0,"p",0.00727015316425334,0.0267866087528537,0.965943238082893,2020-05-16 19:05:13,2020-05-16 19:05:13
"2020-05-16 21:05:53","2020-05-16 21:05:53",1589663093,1589663093,115.6667,"La63d51546e886b3","La63d51546e886b3",0,0,1,0,0,0,0,0,0,0,0,6,6,0,0,22,22,36,20,0,0,0,0,0.72414,1,0,0,1,0,0,0,1,0,0,0,0,0,0,0,0,0,0,0,0,0,"c",0.000926963241227288,0.997786735655606,0.00128630110316669,2020-05-16 21:05:53,2020-05-16 21:05:53
"2020-05-17 10:05:03","2020-05-17 10:05:03",1589710923,1589710923,797.1667,"L45d040605f5febd","La63d51546e886b3",0,0,1,0,0,0,0,0,0,0,0,1,1,0,0,75,64,26,20,0,0,0,0,0.83168,1,0,0,0,0,0,0,0,0,0,0,0,0,0,1,0,0,0,0,0,0,"p",0.000864250349835833,0.000708296585523732,0.998427453064641,2020-05-17 10:05:03,2020-05-17 10:05:03
"2020-05-17 20:05:02","2020-05-17 20:05:02",1589746862,1589746862,598.9833,"L45d040605f5febd","La63d51546e886b3",0,0,1,4,4,1759,1759,0,0,0,0,9,9,7,0,286,197,227,205,0,0,0,0,0.95114,0.65,0,0,0,1,0,0,0,0,0,0,0,0,0,0,0,0,0,0,0,0,"a",0.923222946510711,0.00174314157474488,0.0750339119145445,2020-05-17 20:05:02,2020-05-17 20:05:02
"2020-05-17 20:05:05","2020-05-17 20:05:05",1589747765,1589747765,15.05,"L53e7b8a51e98d17","L53e7b8a51e98d17",0,0,1,0,0,0,0,0,0,0,0,1,1,0,0,8,8,0,0,0,0,0,0,1,1,0,0,0,0,0,0,1,0,0,0,0,0,0,0,0,0,0,0,0,0,"c",0.00157968391892395,0.995999091942253,0.00242122413882279,2020-05-17 20:05:05,2020-05-17 20:05:05
"2020-05-19 19:05:24","2020-05-19 19:05:24",1589914944,1589914944,2786.3167,"L2b1203beb6172d0","L2b1203beb6172d0",0,0,1,0,0,0,0,0,0,0,0,1,1,0,0,1,1,1,1,0,0,0,0,1,1,0,0,0,0,0,0,0,0,0,0,0,0,0,0,0,0,1,0,0,0,"c",0.000752355521140928,0.998163274369012,0.00108437010984706,2020-05-19 19:05:24,2020-05-19 19:05:24
"2020-05-20 13:05:52","2020-05-20 13:05:52",1589983072,1589983072,1135.4667,"L26ccad1ad031ebd","L26ccad1ad031ebd",0,0,1,0,0,0,0,0,0,0,0,5,5,0,0,44,34,13,13,0,0,0,0,0.82456,1,0,0,0,0,0,0,0,0,0,0,0,0,0,0,0,0,0,0,0,0,"p",0.112663637284966,0.173198989670185,0.714137373044849,2020-05-20 13:05:52,2020-05-20 13:05:52
"2020-05-20 19:05:26","2020-05-20 19:05:26",1590001886,1590001886,313.5667,"L53e7b8a51e98d17","L53e7b8a51e98d17",0,0,1,0,0,0,0,0,0,0,0,3,3,0,0,31,30,12,11,0,0,0,0,0.95349,1,0,0,0,0,0,0,1,0,0,0,0,0,0,0,0,0,0,0,0,0,"c",0.00107947573798542,0.997383677934971,0.00153684632704329,2020-05-20 19:05:26,2020-05-20 19:05:26
"2020-05-23 13:05:44","2020-05-23 13:05:44",1590241304,1590241304,3990.3,"La63d51546e886b3","La63d51546e886b3",0,0,1,4,4,2494,1876,0,0,0,0,6,6,1,1,37,33,8,8,183,152,23,20,0.76102,1,1,0,0,4,0,0,0,0,0,0,0,0,0,0,0,0,0,0,0,1,"a",0.592281328775526,0.0132813369983664,0.394437334226108,2020-05-23 13:05:44,2020-05-23 13:05:44
"2020-05-23 16:05:50","2020-05-23 16:05:50",1590250130,1590250130,147.1,"La63d51546e886b3","La63d51546e886b3",0,0,1,0,0,0,0,6,1,1162,997,4,4,3,1,1194,1024,127,26,22,18,11,10,0.82472,0.46154,0,0,0,1,0,0,1,0,0,0,0,0,0,0,0,0,0,0,0,1,"c",0.0132608413774201,0.863707497606276,0.123031661016304,2020-05-23 16:05:50,2020-05-23 16:05:50
"2020-05-23 17:05:48","2020-05-23 17:05:48",1590255288,1590255288,85.9667,"L45d040605f5febd","L45d040605f5febd",0,0,1,3,3,48,43,0,0,0,0,8,8,0,0,58,54,31,31,0,0,0,0,0.93431,1,0,0,0,0,0,0,0,0,0,0,0,0,0,0,0,0,0,0,0,0,"a",0.945133761250913,0.0419391936974803,0.0129270450516072,2020-05-23 17:05:48,2020-05-23 17:05:48
"2020-05-23 18:05:46","2020-05-23 18:05:46",1590259366,1590259366,67.9667,"L45d040605f5febd","L45d040605f5febd",0,0,1,0,0,0,0,0,0,0,0,2,2,0,0,2,2,2,2,0,0,0,0,1,1,0,0,0,0,0,0,1,0,0,0,0,0,0,0,0,0,0,0,0,0,"c",0.00180480710871198,0.995258456198668,0.00293673669261974,2020-05-23 18:05:46,2020-05-23 18:05:46
"2020-05-23 19:05:51","2020-05-23 19:05:51",1590262311,1590262311,49.0833,"L45d040605f5febd","L45d040605f5febd",0,0,1,0,0,0,0,0,0,0,0,3,3,0,0,6,6,5,5,0,0,0,0,1,1,0,0,0,0,0,0,0,0,0,0,0,0,0,0,0,0,0,0,0,0,"p",0.00130406635407844,0.00144801704828507,0.997247916597637,2020-05-23 19:05:51,2020-05-23 19:05:51
"2020-05-23 19:05:02","2020-05-23 19:05:02",1590262742,1590262742,7.1833,"L45d040605f5febd","L45d040605f5febd",0,0,1,0,0,0,0,0,0,0,0,1,1,0,0,1,1,1,1,0,0,0,0,1,1,0,0,0,0,0,0,0,0,0,0,0,0,0,0,0,0,0,0,0,0,"p",0.026834390193301,0.273589804429926,0.699575805376773,2020-05-23 19:05:02,2020-05-23 19:05:02
"2020-05-23 20:05:44","2020-05-23 20:05:44",1590266144,1590266144,56.7,"L45d040605f5febd","L45d040605f5febd",0,0,1,0,0,0,0,0,0,0,0,3,3,0,0,9,9,10,10,0,0,0,0,1,1,0,0,0,0,0,0,0,0,0,0,0,0,0,0,0,0,0,0,0,0,"p",0.00151448029751746,0.0017415125337745,0.996744007168708,2020-05-23 20:05:44,2020-05-23 20:05:44
"2020-05-23 22:05:52","2020-05-23 22:05:52",1590274552,1590274552,140.1333,"L2b1203beb6172d0","L45d040605f5febd",0,0,1,3,3,569,394,18,15,378,289,9,8,19,16,19,18,9,8,283,239,215,196,0.77665,0.85714,0,0,0,0,0,0,0,0,0,0,0,0,0,0,0,0,0,0,0,0,"p",0.28459203543817,0.00509644630265261,0.710311518259177,2020-05-23 22:05:52,2020-05-23 22:05:52
"2020-05-24 08:05:07","2020-05-24 08:05:07",1590310147,1590310147,593.25,"L2b1203beb6172d0","L2b1203beb6172d0",0,0,1,1,1,20,15,0,0,0,0,4,3,0,0,50,39,16,12,0,0,0,0,0.76744,0.8,0,0,0,0,0,0,0,0,0,0,0,0,0,0,0,0,1,0,0,0,"c",0.00171781605043099,0.996955834407348,0.00132634954222096,2020-05-24 08:05:07,2020-05-24 08:05:07
"2020-05-24 09:05:50","2020-05-24 09:05:44",1590311390,1590311444,21.6167,"L45d040605f5febd","L45d040605f5febd",0,0,1,0,0,0,0,0,0,0,0,3,3,0,0,14,13,5,5,0,0,0,0,0.94737,1,0,0,0,0,0,0,1,0,0,0,0,1,0,0,0,0,0,0,0,0,"c",0.00102786183690846,0.997579440434801,0.00139269772829093,2020-05-24 09:05:44,2020-05-24 09:05:50
"2020-05-24 09:05:10","2020-05-24 09:05:10",1590312430,1590312430,16.4333,"L45d040605f5febd","L45d040605f5febd",0,0,1,0,0,0,0,0,0,0,0,1,1,0,0,3,3,3,3,0,0,0,0,1,1,0,0,0,0,0,0,1,0,0,0,0,0,0,0,0,0,0,0,0,0,"p",0.0023610059361908,0.00224362953268396,0.995395364531125,2020-05-24 09:05:10,2020-05-24 09:05:10
"2020-05-24 09:05:33","2020-05-24 09:05:33",1590312873,1590312873,7.3833,"L45d040605f5febd","L45d040605f5febd",0,0,1,0,0,0,0,0,0,0,0,1,1,0,0,2,2,2,2,0,0,0,0,1,1,0,0,0,0,0,0,1,0,0,0,0,0,0,0,0,0,0,0,0,0,"p",0.00841233822461095,0.0157454452975765,0.975842216477813,2020-05-24 09:05:33,2020-05-24 09:05:33
"2020-05-24 09:05:36","2020-05-24 09:05:36",1590313476,1590313476,10.05,"L45d040605f5febd","L45d040605f5febd",0,0,1,0,0,0,0,0,0,0,0,4,4,0,0,20,19,19,18,0,0,0,0,0.94872,1,0,0,0,0,0,0,1,0,0,0,0,0,0,0,0,0,0,0,0,0,"c",0.0013995639725831,0.99647645009037,0.00212398593704632,2020-05-24 09:05:36,2020-05-24 09:05:36
"2020-05-25 23:05:28","2020-05-25 23:05:28",1590450208,1590450208,2278.8667,"La63d51546e886b3","La63d51546e886b3",0,0,1,0,0,0,0,0,0,0,0,8,6,0,0,155,135,57,54,0,0,0,0,0.89151,0.75,0,0,0,2,0,0,0,0,0,0,0,2,0,0,0,0,0,0,0,0,"c",0.00321500470713583,0.993040728580507,0.00374426671235726,2020-05-25 23:05:28,2020-05-25 23:05:28
"2020-05-26 08:05:40","2020-05-26 08:05:40",1590480040,1590480040,497.2,"L45d040605f5febd","L45d040605f5febd",0,0,1,0,0,0,0,0,0,0,0,1,1,0,0,2,2,0,0,0,0,0,0,1,1,0,0,0,0,0,0,0,0,0,0,0,0,0,0,0,0,0,0,0,0,"a",0.98360683152969,0.0131230944288338,0.00327007404147597,2020-05-26 08:05:40,2020-05-26 08:05:40
"2020-05-26 10:05:31","2020-05-26 10:05:31",1590489031,1590489031,149.85,"L2b1203beb6172d0","L2b1203beb6172d0",0,0,1,0,0,0,0,0,0,0,0,2,2,0,0,9,9,8,7,0,0,0,0,0.94118,1,0,0,0,0,0,0,1,0,0,0,0,0,0,0,0,0,0,0,0,0,"c",0.00102364405675129,0.997526362974095,0.00144999296915311,2020-05-26 10:05:31,2020-05-26 10:05:31
"2020-05-26 11:05:10","2020-05-26 11:05:10",1590492790,1590492790,62.65,"L2b1203beb6172d0","L2b1203beb6172d0",0,0,1,0,0,0,0,0,0,0,0,1,1,0,0,2,2,2,2,0,0,0,0,1,1,0,0,0,0,0,0,0,0,0,0,0,0,0,0,0,0,1,0,0,0,"c",0.000743023794313329,0.998178281413982,0.00107869479170486,2020-05-26 11:05:10,2020-05-26 11:05:10
"2020-05-26 12:05:59","2020-05-26 12:05:59",1590497339,1590497339,75.8167,"La63d51546e886b3","La63d51546e886b3",0,0,1,0,0,0,0,0,0,0,0,4,3,0,0,11,11,11,11,0,0,0,0,1,0.75,0,0,0,1,0,0,0,0,0,0,0,0,0,0,0,0,0,0,0,0,"p",0.00257627759570136,0.00330636951631541,0.994117352887983,2020-05-26 12:05:59,2020-05-26 12:05:59
"2020-05-26 13:05:42","2020-05-26 13:05:42",1590498882,1590498882,25.7167,"La63d51546e886b3","La63d51546e886b3",0,0,1,1,0,0,0,0,0,0,0,1,1,0,0,7,6,1,1,0,0,0,0,0.875,0.5,0,0,0,0,0,0,0,1,0,0,0,0,0,0,0,0,0,0,0,0,"a",0.995621675465106,0.00271052216809786,0.00166780236679644,2020-05-26 13:05:42,2020-05-26 13:05:42
"2020-05-26 13:05:29","2020-05-26 13:05:29",1590499349,1590499349,7.7833,"La63d51546e886b3","La63d51546e886b3",0,0,1,0,0,0,0,0,0,0,0,1,1,0,0,1,1,1,1,0,0,0,0,1,1,0,0,0,0,0,0,0,1,0,0,0,0,0,0,0,0,0,0,0,0,"a",0.9977475762447,0.00149501942044084,0.000757404334859256,2020-05-26 13:05:29,2020-05-26 13:05:29
"2020-05-26 13:05:59","2020-05-26 13:05:59",1590501179,1590501179,30.5,"La63d51546e886b3","La63d51546e886b3",0,0,1,0,0,0,0,0,0,0,0,1,1,0,0,4,3,1,1,0,0,0,0,0.8,1,0,0,0,0,0,0,1,0,0,0,0,0,0,0,0,0,0,0,0,0,"c",0.00146444305528422,0.996304064555047,0.0022314923896687,2020-05-26 13:05:59,2020-05-26 13:05:59
"2020-05-26 14:05:09","2020-05-26 14:05:09",1590502089,1590502089,15.1667,"L26ccad1ad031ebd","L26ccad1ad031ebd",0,0,1,6,6,84,64,2,2,27,20,7,7,2,2,35,32,18,17,5,4,4,4,0.81503,1,0,0,0,0,0,0,1,0,0,0,0,0,0,0,0,0,0,0,1,0,"c",0.00204038048101837,0.995276899469904,0.00268272004907766,2020-05-26 14:05:09,2020-05-26 14:05:09
"2020-05-26 19:05:22","2020-05-26 19:05:22",1590521242,1590521242,319.2167,"L26ccad1ad031ebd","L26ccad1ad031ebd",0,0,1,3,3,90,52,0,0,0,0,5,5,0,0,205,152,14,11,0,0,0,0,0.69579,1,0,0,0,0,0,0,1,0,0,0,0,0,0,0,0,0,0,0,1,0,"c",0.00213171388398541,0.994835319047329,0.00303296706868543,2020-05-26 19:05:22,2020-05-26 19:05:22
"2020-05-26 19:05:45","2020-05-26 19:05:45",1590522105,1590522105,14.3833,"L26ccad1ad031ebd","L26ccad1ad031ebd",0,0,1,0,0,0,0,2,2,87,49,0,0,0,0,0,0,0,0,0,0,0,0,0.56322,1,0,0,0,0,0,0,0,0,0,0,0,0,0,0,1,0,0,0,0,0,"p",0.00100931473295588,0.000826950526877758,0.998163734740167,2020-05-26 19:05:45,2020-05-26 19:05:45
"2020-05-26 20:05:08","2020-05-26 20:05:08",1590524708,1590524708,43.3833,"La63d51546e886b3","La63d51546e886b3",0,0,1,0,0,0,0,0,0,0,0,1,1,0,0,1,1,0,0,0,0,0,0,1,1,0,0,0,0,0,0,0,0,0,0,0,0,0,0,0,0,0,0,0,0,"c",0.00463059179549432,0.991851269415815,0.00351813878869061,2020-05-26 20:05:08,2020-05-26 20:05:08
"2020-05-27 10:05:08","2020-05-27 10:05:08",1590575648,1590575648,892.3833,"L26ccad1ad031ebd","L26ccad1ad031ebd",0,0,1,0,0,0,0,0,0,0,0,2,2,0,0,2,2,2,2,0,0,0,0,1,1,0,0,0,0,0,0,1,0,0,0,0,0,0,0,0,0,0,0,0,0,"c",0.00180480710871198,0.995258456198668,0.00293673669261974,2020-05-27 10:05:08,2020-05-27 10:05:08
"2020-05-27 10:05:20","2020-05-27 10:05:20",1590575660,1590575660,0.2,"L26ccad1ad031ebd","L26ccad1ad031ebd",0,1,2,0,0,0,0,0,0,0,0,1,1,0,0,1,1,0,0,0,0,0,0,1,1,0,0,0,0,0,0,0,0,0,0,0,0,0,0,0,0,0,0,0,0,"c",0.00463059179549432,0.991851269415815,0.00351813878869061,2020-05-27 10:05:20,2020-05-27 10:05:20
"2020-05-27 12:05:44","2020-05-27 12:05:44",1590581024,1590581024,89.4,"L26ccad1ad031ebd","L26ccad1ad031ebd",0,0,1,0,0,0,0,0,0,0,0,8,5,0,0,169,17,10,4,0,0,0,0,0.11732,0.625,0,0,0,0,0,0,0,0,0,0,0,0,0,1,0,0,0,0,0,0,"p",0.000999193694180927,0.000860562699109091,0.99814024360671,2020-05-27 12:05:44,2020-05-27 12:05:44
"2020-05-27 13:05:20","2020-05-27 13:05:20",1590587900,1590587900,114.6,"L26ccad1ad031ebd","L26ccad1ad031ebd",0,0,1,0,0,0,0,0,0,0,0,1,0,0,0,1,0,1,0,0,0,0,0,0,0,0,0,0,0,0,0,0,0,0,0,0,0,0,0,0,0,0,0,0,0,"p",0.000818259098848068,0.000635378754646246,0.998546362146506,2020-05-27 13:05:20,2020-05-27 13:05:20
"2020-05-27 16:05:11","2020-05-27 16:05:11",1590598031,1590598031,168.85,"L2b1203beb6172d0","L2b1203beb6172d0",0,0,1,0,0,0,0,0,0,0,0,7,7,0,0,22,17,12,12,0,0,0,0,0.85294,1,0,0,0,0,0,0,0,0,0,0,0,0,0,0,0,0,0,0,0,0,"p",0.00280079212300996,0.00433900470913299,0.992860203167857,2020-05-27 16:05:11,2020-05-27 16:05:11
"2020-05-27 19:05:37","2020-05-27 19:05:00",1590606637,1590606660,143.8167,"L45d040605f5febd","L45d040605f5febd",0,0,1,0,0,0,0,0,0,0,0,1,1,0,0,11,10,3,3,0,0,0,0,0.92857,1,0,0,0,0,0,0,1,0,0,0,0,0,0,0,0,0,0,0,0,0,"c",0.00111427098142963,0.997289781768392,0.00159594725017798,2020-05-27 19:05:00,2020-05-27 19:05:37
"2020-05-27 21:05:59","2020-05-27 21:05:59",1590615959,1590615959,154.9833,"L45d040605f5febd","L45d040605f5febd",0,0,1,0,0,0,0,0,0,0,0,2,2,0,0,2,2,11,10,0,0,0,0,0.92308,1,0,0,0,0,0,0,0,0,0,0,0,1,0,0,0,0,0,0,0,0,"a",0.578899234139205,0.393208296475324,0.0278924693854714,2020-05-27 21:05:59,2020-05-27 21:05:59
"2020-05-27 21:05:12","2020-05-27 21:05:12",1590616632,1590616632,11.2167,"L45d040605f5febd","L45d040605f5febd",0,0,1,0,0,0,0,0,0,0,0,1,1,0,0,1,1,1,1,0,0,0,0,1,1,1,0,0,0,0,0,0,0,0,0,0,0,0,0,0,0,0,0,0,0,"c",0.00136692309074766,0.997368435033375,0.00126464187587771,2020-05-27 21:05:12,2020-05-27 21:05:12
"2020-05-27 22:05:03","2020-05-27 22:05:03",1590617043,1590617043,6.85,"L45d040605f5febd","L45d040605f5febd",0,0,1,0,0,0,0,0,0,0,0,1,1,0,0,2,2,1,1,0,0,0,0,1,1,0,0,0,0,0,0,0,0,0,0,0,1,0,0,0,0,0,0,0,0,"a",0.997200664801029,0.000967211560383042,0.00183212363858835,2020-05-27 22:05:03,2020-05-27 22:05:03
"2020-05-27 22:05:19","2020-05-27 22:05:19",1590617959,1590617959,15.2667,"L45d040605f5febd","L45d040605f5febd",0,0,1,0,0,0,0,0,0,0,0,1,1,0,0,2,2,1,1,0,0,0,0,1,1,0,0,0,0,0,0,0,0,0,0,0,0,0,0,0,0,0,0,0,0,"c",0.00372829111198449,0.984101431451671,0.0121702774363447,2020-05-27 22:05:19,2020-05-27 22:05:19
"2020-05-27 23:05:11","2020-05-27 23:05:11",1590622811,1590622811,80.8667,"L45d040605f5febd","L45d040605f5febd",0,0,1,2,2,75,74,0,0,0,0,3,2,0,0,7,6,2,2,0,0,0,0,0.97619,0.8,0,0,0,0,1,0,0,0,0,0,0,0,0,0,0,0,0,0,0,0,"c",0.0843442704222312,0.905438448322847,0.0102172812549221,2020-05-27 23:05:11,2020-05-27 23:05:11
"2020-05-28 06:05:43","2020-05-28 06:05:43",1590647503,1590647503,411.5333,"L45d040605f5febd","L45d040605f5febd",0,0,1,0,0,0,0,0,0,0,0,2,2,0,0,27,26,6,6,0,0,0,0,0.9697,1,0,0,0,0,0,0,1,0,0,0,0,0,0,0,0,0,0,0,0,0,"c",0.0010437465579908,0.997482783794173,0.00147346964783598,2020-05-28 06:05:43,2020-05-28 06:05:43
"2020-05-28 06:05:28","2020-05-28 06:05:28",1590647848,1590647848,5.75,"L45d040605f5febd","L45d040605f5febd",0,0,1,0,0,0,0,0,0,0,0,2,2,0,0,3,3,1,1,0,0,0,0,1,1,0,0,0,0,0,0,1,0,0,0,0,0,0,0,0,0,0,0,0,0,"c",0.00145131198013724,0.996337936224967,0.00221075179489608,2020-05-28 06:05:28,2020-05-28 06:05:28
"2020-05-28 06:05:55","2020-05-28 06:05:55",1590648655,1590648655,13.45,"L45d040605f5febd","L45d040605f5febd",0,0,1,0,0,0,0,0,0,0,0,1,1,0,0,0,0,9,9,0,0,0,0,1,1,0,0,0,0,0,0,1,0,0,0,0,0,0,0,0,0,0,0,0,0,"c",0.000979457612119858,0.997614058530242,0.00140648385763862,2020-05-28 06:05:55,2020-05-28 06:05:55
"2020-05-28 08:05:03","2020-05-28 08:05:03",1590652983,1590652983,72.1333,"L45d040605f5febd","L45d040605f5febd",0,0,1,0,0,0,0,0,0,0,0,1,1,0,0,13,12,1,1,0,0,0,0,0.92857,1,0,0,0,0,0,0,0,0,0,0,0,0,0,0,0,0,0,0,0,0,"a",0.965979295892,0.0309842978334703,0.00303640627452999,2020-05-28 08:05:03,2020-05-28 08:05:03
"2020-05-28 09:05:20","2020-05-28 09:05:20",1590657500,1590657500,75.2833,"L45d040605f5febd","L45d040605f5febd",0,0,1,0,0,0,0,0,0,0,0,1,1,0,0,1,1,1,1,0,0,0,0,1,1,0,0,0,0,0,0,1,0,0,0,0,0,0,0,0,0,0,0,0,0,"c",0.00101989110032996,0.997540658392967,0.00143945050670295,2020-05-28 09:05:20,2020-05-28 09:05:20
"2020-05-29 10:05:33","2020-05-29 10:05:33",1590746973,1590746973,1491.2167,"La63d51546e886b3","La63d51546e886b3",0,0,1,0,0,0,0,0,0,0,0,1,1,0,0,4,3,4,3,0,0,0,0,0.75,1,0,0,0,0,0,0,0,0,0,0,0,0,0,0,0,0,1,0,0,0,"c",0.00111387683906071,0.997571163703791,0.00131495945714877,2020-05-29 10:05:33,2020-05-29 10:05:33
"2020-05-29 10:05:01","2020-05-29 10:05:06",1590749881,1590749886,48.55,"L45d040605f5febd","L45d040605f5febd",0,0,1,0,0,0,0,0,0,0,0,1,1,0,0,3,3,3,3,0,0,0,0,1,1,0,0,0,0,0,0,1,0,0,0,0,0,0,0,0,0,0,0,0,0,"p",0.0023610059361908,0.00224362953268396,0.995395364531125,2020-05-29 10:05:06,2020-05-29 10:05:01
"2020-05-29 18:05:24","2020-05-29 18:05:24",1590778524,1590778524,477.3,"L2b1203beb6172d0","L2b1203beb6172d0",0,0,1,0,0,0,0,0,0,0,0,2,2,0,0,5,4,2,2,0,0,0,0,0.85714,1,0,0,0,0,0,0,0,0,0,0,0,0,0,0,0,0,0,0,1,0,"p",0.00110197915693541,0.00076683671707695,0.998131184125988,2020-05-29 18:05:24,2020-05-29 18:05:24
"2020-05-29 19:05:01","2020-05-29 19:05:01",1590779461,1590779461,15.6167,"L2b1203beb6172d0","L2b1203beb6172d0",0,0,1,0,0,0,0,0,0,0,0,2,2,0,0,2,2,5,4,0,0,0,0,0.85714,1,0,0,0,0,0,0,0,0,0,0,0,0,0,0,0,0,0,0,1,0,"p",0.00126942115946286,0.000980642199573256,0.997749936640964,2020-05-29 19:05:01,2020-05-29 19:05:01
"2020-05-29 19:05:25","2020-05-29 19:05:39",1590779425,1590779559,1.6333,"L45d040605f5febd","L45d040605f5febd",0,0,1,0,0,0,0,0,0,0,0,1,1,0,0,1,1,0,0,0,0,0,0,1,1,0,0,0,0,0,0,1,0,0,0,0,0,0,0,0,0,0,0,0,0,"c",0.00272163899723819,0.992287395107757,0.00499096589500466,2020-05-29 19:05:39,2020-05-29 19:05:25
"2020-05-29 19:05:54","2020-05-29 19:05:54",1590779994,1590779994,7.25,"L45d040605f5febd","L45d040605f5febd",0,0,1,0,0,0,0,0,0,0,0,1,1,0,0,2,2,2,2,0,0,0,0,1,1,0,0,0,0,0,0,1,0,0,0,0,0,0,0,0,0,0,0,0,0,"p",0.00841233822461095,0.0157454452975765,0.975842216477813,2020-05-29 19:05:54,2020-05-29 19:05:54
"2020-09-11 18:09:12","2020-09-11 18:09:12",1599849612,1599849612,151160.3,"L45d040605f5febd","L45d040605f5febd",0,0,1,0,0,0,0,0,0,0,0,2,2,0,0,6,6,2,2,0,0,0,0,1,1,0,0,0,0,0,0,1,0,0,0,0,1,0,0,0,0,0,0,0,0,"c",0.0011574511535916,0.997362270136232,0.00148027871017621,2020-09-11 18:09:12,2020-09-11 18:09:12
"2020-09-11 18:09:53","2020-09-11 18:09:53",1599850433,1599850433,13.6833,"L45d040605f5febd","L45d040605f5febd",0,0,1,0,0,0,0,0,0,0,0,1,1,0,0,4,4,0,0,0,0,0,0,1,1,1,0,0,0,0,0,0,0,0,0,0,0,0,0,0,0,0,0,0,0,"c",0.000993117567015134,0.997692102741939,0.00131477969104546,2020-09-11 18:09:53,2020-09-11 18:09:53
"2020-09-11 19:09:26","2020-09-11 19:09:26",1599851066,1599851066,10.55,"L45d040605f5febd","L45d040605f5febd",0,0,1,0,0,0,0,0,0,0,0,1,1,0,0,0,0,1,1,0,0,0,0,1,1,0,0,0,0,0,0,0,0,0,0,0,0,0,0,0,0,0,0,0,0,"p",0.00511294343091839,0.0174518911840718,0.97743516538501,2020-09-11 19:09:26,2020-09-11 19:09:26
"2020-09-11 19:09:24","2020-09-11 19:09:24",1599852684,1599852684,26.9667,"L45d040605f5febd","L45d040605f5febd",0,0,1,0,0,0,0,0,0,0,0,2,2,0,0,6,6,6,6,0,0,0,0,1,1,0,0,0,0,0,0,0,0,0,0,0,0,0,0,0,0,0,0,0,0,"p",0.00139080332981842,0.00189261270559642,0.996716583964585,2020-09-11 19:09:24,2020-09-11 19:09:24
"2020-09-11 19:09:01","2020-09-11 19:09:01",1599853021,1599853021,5.6167,"L45d040605f5febd","L45d040605f5febd",0,0,1,0,0,0,0,0,0,0,0,1,1,0,0,1,1,1,1,0,0,0,0,1,1,0,0,0,0,0,0,1,0,0,0,0,1,0,0,0,0,0,0,0,0,"c",0.00106111123604392,0.997435497216776,0.00150339154718019,2020-09-11 19:09:01,2020-09-11 19:09:01
"2020-09-29 11:09:28","2020-09-29 11:09:28",1601379628,1601379628,25443.45,"L45d040605f5febd","L45d040605f5febd",0,0,1,0,0,0,0,0,0,0,0,1,0,0,0,1,0,0,0,0,0,0,0,0,0,0,0,0,0,0,0,0,0,0,0,0,0,0,0,0,0,0,0,0,0,"p",0.000849443497182858,0.000684392317650623,0.998466164185167,2020-09-29 11:09:28,2020-09-29 11:09:28
"2020-09-29 20:09:07","2020-09-29 20:09:07",1601410507,1601410507,514.65,"L45d040605f5febd","L45d040605f5febd",0,0,1,4,4,1135,873,0,0,0,0,8,8,0,0,145,139,92,78,0,0,0,0,0.79446,1,0,0,0,0,0,0,0,0,0,0,0,1,0,0,0,0,1,0,0,0,"a",0.990874041161581,0.00459470223528242,0.00453125660313663,2020-09-29 20:09:07,2020-09-29 20:09:07
"2020-09-30 09:09:12","2020-09-30 09:09:12",1601457972,1601457972,791.0833,"L45d040605f5febd","L45d040605f5febd",0,0,1,0,0,0,0,0,0,0,0,1,1,0,0,26,26,26,26,0,0,0,0,1,1,0,0,0,0,0,0,0,0,0,0,0,0,0,0,0,0,0,0,0,0,"p",0.0012245999570791,0.00120008854004927,0.997575311502872,2020-09-30 09:09:12,2020-09-30 09:09:12
"2020-09-30 09:09:52","2020-09-30 09:09:52",1601459692,1601459692,28.6667,"L45d040605f5febd","L45d040605f5febd",0,0,1,0,0,0,0,0,0,0,0,1,1,0,0,4,4,4,4,0,0,0,0,1,1,0,0,0,0,0,0,1,0,0,0,0,0,0,0,0,0,0,0,0,0,"c",0.0344025222558818,0.575678222914882,0.389919254829236,2020-09-30 09:09:52,2020-09-30 09:09:52
"2020-10-12 14:10:10","2020-10-12 14:10:10",1602514030,1602514030,17572.3,"L45d040605f5febd","L45d040605f5febd",0,0,1,2,2,92,82,0,0,0,0,21,21,0,0,480,436,222,200,0,0,0,0,0.90428,1,0,0,0,0,0,0,0,0,0,0,0,0,0,0,0,0,1,0,0,0,"c",0.0692297823093304,0.917867266400019,0.0129029512906501,2020-10-12 14:10:10,2020-10-12 14:10:10
"2020-10-12 17:10:40","2020-10-12 17:10:40",1602523420,1602523420,156.5,"L45d040605f5febd","L45d040605f5febd",0,0,1,0,0,0,0,0,0,0,0,2,2,0,0,15,12,19,11,0,0,0,0,0.67647,1,0,0,0,0,0,0,0,0,0,0,0,0,0,0,0,0,0,0,0,0,"p",0.0167496461766536,0.141712529494365,0.841537824328982,2020-10-12 17:10:40,2020-10-12 17:10:40
"2020-10-12 20:10:30","2020-10-12 20:10:30",1602533430,1602533430,166.8333,"L45d040605f5febd","L45d040605f5febd",0,0,1,0,0,0,0,0,0,0,0,2,2,0,0,18,18,9,9,0,0,0,0,1,1,0,0,0,1,0,0,0,0,0,0,0,0,0,0,0,0,1,0,0,0,"c",0.00108227582304266,0.997159319642123,0.00175840453483487,2020-10-12 20:10:30,2020-10-12 20:10:30
"2020-10-13 23:10:49","2020-10-13 23:10:49",1602630289,1602630289,1614.3167,"L45d040605f5febd","L45d040605f5febd",0,0,1,0,0,0,0,0,0,0,0,8,8,0,0,234,187,76,66,0,0,0,0,0.81613,1,0,0,0,0,0,0,0,0,0,0,0,0,0,0,0,0,0,0,0,0,"c",0.0663478117012189,0.805662448557973,0.127989739740808,2020-10-13 23:10:49,2020-10-13 23:10:49
"2020-10-14 09:10:51","2020-10-14 09:10:51",1602668631,1602668631,639.0333,"La63d51546e886b3","La63d51546e886b3",0,0,1,1,1,13,13,0,0,0,0,4,4,0,0,191,177,161,155,0,0,0,0,0.94521,1,0,0,1,0,0,0,1,0,0,0,0,0,0,1,0,0,0,0,0,0,"p",0.0535186607484226,0.437220020154819,0.509261319096759,2020-10-14 09:10:51,2020-10-14 09:10:51
"2020-10-14 12:10:49","2020-10-14 12:10:49",1602677809,1602677809,152.9667,"La63d51546e886b3","La63d51546e886b3",0,0,1,0,0,0,0,0,0,0,0,5,5,0,0,92,79,109,100,0,0,0,0,0.89055,1,0,0,1,0,0,0,1,0,1,0,0,0,0,0,0,0,0,0,0,0,"c",0.00155245144167226,0.9960392050187,0.00240834353962753,2020-10-14 12:10:49,2020-10-14 12:10:49
"2020-10-14 20:10:40","2020-10-14 20:10:40",1602707920,1602707920,501.85,"La63d51546e886b3","La63d51546e886b3",0,0,1,0,0,0,0,0,0,0,0,5,5,0,0,233,137,182,163,0,0,0,0,0.72289,1,0,0,0,0,0,0,0,0,1,0,0,0,0,1,0,0,0,0,0,0,"p",0.000814504532747648,0.000582403122067099,0.998603092345185,2020-10-14 20:10:40,2020-10-14 20:10:40
"2020-10-15 22:10:29","2020-10-15 22:10:29",1602800729,1602800729,1546.8167,"La63d51546e886b3","La63d51546e886b3",0,0,1,1,1,1,1,0,0,0,0,3,3,0,0,93,81,15,14,0,0,0,0,0.88073,1,0,0,0,0,0,0,0,0,0,0,0,1,0,0,0,0,0,0,0,0,"c",0.0035593490213194,0.993813023376941,0.0026276276017401,2020-10-15 22:10:29,2020-10-15 22:10:29
